row_index,split
0,train
1,train
2,test
3,val
4,train
5,train
6,test
7,train
8,train
9,train
10,train
11,train
12,val
13,val
14,train
15,train
16,train
17,train
18,val
19,train
20,train
21,train
22,val
23,train
24,test
25,train
26,train
27,train
28,test
29,train
30,test
31,train
32,train
33,train
34,train
35,test
36,val
37,val
38,val
39,train
40,train
41,train
42,val
43,train
44,train
45,train
46,val
47,train
48,train
49,val
50,train
51,val
52,train
53,train
54,train
55,train
56,test
57,train
58,test
59,test
60,train
61,train
62,train
63,test
64,train
65,train
66,train
67,train
68,train
69,train
70,val
71,test
72,train
73,train
74,val
75,train
76,train
77,train
78,train
79,train
80,train
81,train
82,train
83,train
84,test
85,val
86,train
87,val
88,train
89,train
90,test
91,train
92,train
93,val
94,train
95,train
96,train
97,train
98,val
99,test
100,train
101,train
102,train
103,train
104,train
105,test
106,test
107,train
108,train
109,train
110,train
111,val
112,val
113,test
114,train
115,train
116,test
117,train
118,train
119,test
120,test
121,train
122,train
123,val
124,train
125,train
126,val
127,train
128,test
129,train
130,train
131,train
132,train
133,test
134,train
135,train
136,test
137,train
138,train
139,train
140,train
141,train
142,train
143,test
144,train
145,test
146,val
147,train
148,val
149,train
150,val
151,train
152,train
153,train
154,train
155,train
156,val
157,train
158,train
159,train
160,train
161,val
162,train
163,train
164,train
165,train
166,train
167,train
168,train
169,train
170,val
171,val
172,train
173,test
174,test
175,train
176,train
177,train
178,train
179,test
180,val
181,train
182,train
183,train
184,train
185,val
186,train
187,test
188,train
189,val
190,val
191,train
192,test
193,train
194,train
195,train
196,train
197,train
198,train
199,train
200,train
201,test
202,train
203,train
204,test
205,train
206,train
207,train
208,train
209,train
210,train
211,train
212,val
213,test
214,test
215,train
216,train
217,test
218,test
219,val
220,train
221,val
222,train
223,train
224,train
225,train
226,train
227,train
228,train
229,train
230,train
231,test
232,train
233,train
234,val
235,val
236,val
237,train
238,train
239,train
240,train
241,val
242,val
243,train
244,train
245,train
246,train
247,train
248,test
249,train
250,val
251,test
252,train
253,test
254,train
255,test
256,val
257,train
258,train
259,train
260,test
261,train
262,train
263,val
264,train
265,train
266,train
267,train
268,train
269,train
270,test
271,test
272,train
273,train
274,train
275,val
276,val
277,test
278,val
279,train
280,train
281,train
282,train
283,train
284,train
285,test
286,train
287,val
288,test
289,train
290,test
291,val
292,train
293,train
294,test
295,train
296,train
297,train
298,train
299,train
300,val
301,train
302,train
303,train
304,train
305,val
306,test
307,train
308,test
309,train
310,train
311,train
312,train
313,val
314,train
315,train
316,train
317,train
318,train
319,train
320,train
321,train
322,train
323,train
324,train
325,train
326,train
327,train
328,train
329,train
330,val
331,test
332,train
333,train
334,train
335,val
336,train
337,train
338,train
339,val
340,train
341,train
342,test
343,train
344,train
345,train
346,train
347,test
348,test
349,train
350,val
351,test
352,train
353,test
354,train
355,train
356,train
357,test
358,train
359,train
360,train
361,val
362,train
363,test
364,val
365,train
366,train
367,train
368,train
369,test
370,train
371,train
372,test
373,test
374,train
375,val
376,train
377,train
378,train
379,train
380,train
381,train
382,train
383,train
384,train
385,train
386,train
387,train
388,train
389,train
390,val
391,train
392,train
393,train
394,val
395,val
396,train
397,train
398,train
399,val
400,test
401,train
402,train
403,test
404,train
405,train
406,test
407,train
408,test
409,val
410,train
411,test
412,train
413,train
414,train
415,train
416,train
417,val
418,train
419,val
420,train
421,train
422,train
423,train
424,test
425,val
426,train
427,test
428,train
429,train
430,train
431,val
432,train
433,train
434,train
435,train
436,train
437,train
438,train
439,train
440,train
441,train
442,train
443,val
444,test
445,train
446,train
447,train
448,test
449,train
450,train
451,train
452,train
453,train
454,train
455,train
456,train
457,val
458,train
459,train
460,test
461,train
462,train
463,val
464,train
465,test
466,val
467,test
468,train
469,test
470,val
471,train
472,val
473,train
474,train
475,train
476,train
477,val
478,test
479,train
480,val
481,train
482,train
483,train
484,train
485,val
486,train
487,train
488,train
489,train
490,train
491,train
492,val
493,train
494,test
495,train
496,train
497,train
498,train
499,train
500,train
501,train
502,val
503,train
504,train
505,train
506,train
507,train
508,train
509,train
510,train
511,val
512,train
513,train
514,train
515,val
516,train
517,train
518,val
519,train
520,train
521,train
522,test
523,test
524,val
525,test
526,train
527,test
528,test
529,train
530,train
531,train
532,train
533,val
534,train
535,train
536,val
537,train
538,train
539,train
540,train
541,train
542,train
543,val
544,train
545,test
546,val
547,test
548,val
549,train
550,test
551,test
552,train
553,train
554,train
555,train
556,train
557,train
558,test
559,train
560,val
561,test
562,val
563,train
564,train
565,train
566,test
567,test
568,train
569,test
570,train
571,train
572,test
573,train
574,train
575,train
576,train
577,train
578,train
579,test
580,train
581,val
582,train
583,val
584,train
585,train
586,val
587,train
588,train
589,train
590,val
591,train
592,train
593,train
594,train
595,test
596,train
597,train
598,train
599,train
600,test
601,train
602,val
603,train
604,train
605,train
606,val
607,train
608,train
609,train
610,test
611,train
612,train
613,test
614,train
615,test
616,val
617,train
618,test
619,train
620,val
621,val
622,train
623,train
624,train
625,train
626,train
627,train
628,test
629,train
630,train
631,test
632,val
633,val
634,test
635,train
636,train
637,train
638,train
639,val
640,train
641,train
642,train
643,train
644,test
645,train
646,train
647,train
648,train
649,val
650,train
651,test
652,test
653,train
654,test
655,train
656,train
657,train
658,train
659,train
660,train
661,train
662,train
663,train
664,val
665,train
666,train
667,val
668,test
669,val
670,train
671,train
672,train
673,test
674,train
675,train
676,train
677,train
678,train
679,test
680,val
681,train
682,train
683,train
684,val
685,train
686,test
687,train
688,train
689,val
690,val
691,train
692,train
693,train
694,test
695,train
696,train
697,train
698,train
699,test
700,test
701,train
702,train
703,val
704,test
705,train
706,test
707,test
708,train
709,train
710,train
711,val
712,train
713,train
714,val
715,train
716,train
717,train
718,train
719,train
720,val
721,train
722,train
723,train
724,train
725,train
726,train
727,train
728,train
729,val
730,val
731,test
732,val
733,val
734,val
735,train
736,train
737,train
738,train
739,train
740,test
741,val
742,val
743,train
744,train
745,train
746,train
747,test
748,test
749,val
750,train
751,val
752,train
753,train
754,train
755,test
756,train
757,train
758,val
759,val
760,test
761,val
762,val
763,train
764,train
765,train
766,train
767,train
768,val
769,train
770,train
771,train
772,val
773,train
774,train
775,test
776,train
777,train
778,train
779,train
780,train
781,val
782,train
783,train
784,train
785,train
786,train
787,train
788,test
789,train
790,val
791,train
792,train
793,train
794,train
795,val
796,train
797,val
798,train
799,val
800,train
801,train
802,val
803,test
804,train
805,val
806,train
807,train
808,train
809,train
810,train
811,train
812,train
813,test
814,test
815,test
816,test
817,train
818,train
819,train
820,test
821,train
822,train
823,test
824,train
825,train
826,train
827,train
828,val
829,train
830,train
831,train
832,train
833,train
834,train
835,val
836,val
837,test
838,test
839,train
840,train
841,train
842,train
843,val
844,train
845,train
846,train
847,train
848,train
849,train
850,train
851,test
852,train
853,train
854,train
855,train
856,train
857,test
858,val
859,train
860,val
861,train
862,train
863,val
864,train
865,val
866,train
867,val
868,val
869,train
870,test
871,train
872,train
873,train
874,train
875,train
876,val
877,test
878,train
879,train
880,train
881,train
882,train
883,val
884,train
885,train
886,train
887,val
888,train
889,train
890,train
891,train
892,train
893,train
894,test
895,train
896,train
897,train
898,test
899,train
900,val
901,train
902,test
903,train
904,train
905,val
906,test
907,val
908,train
909,train
910,train
911,train
912,train
913,train
914,test
915,train
916,val
917,train
918,train
919,val
920,train
921,train
922,train
923,train
924,test
925,test
926,train
927,val
928,train
929,train
930,val
931,train
932,train
933,test
934,train
935,test
936,test
937,train
938,train
939,val
940,train
941,val
942,val
943,train
944,train
945,test
946,train
947,test
948,train
949,val
950,train
951,train
952,train
953,val
954,train
955,train
956,train
957,train
958,train
959,train
960,train
961,train
962,test
963,test
964,train
965,train
966,train
967,train
968,train
969,test
970,train
971,test
972,train
973,val
974,val
975,test
976,train
977,train
978,val
979,train
980,val
981,train
982,train
983,train
984,train
985,train
986,train
987,train
988,val
989,train
990,train
991,train
992,train
993,train
994,test
995,train
996,test
997,train
998,train
999,val
1000,test
1001,train
1002,train
1003,train
1004,val
1005,train
1006,train
1007,train
1008,train
1009,train
1010,test
1011,train
1012,test
1013,train
1014,val
1015,train
1016,train
1017,train
1018,train
1019,test
1020,train
1021,train
1022,train
1023,test
1024,train
1025,train
1026,train
1027,train
1028,train
1029,train
1030,train
1031,train
1032,train
1033,train
1034,train
1035,train
1036,train
1037,test
1038,train
1039,test
1040,test
1041,train
1042,test
1043,train
1044,val
1045,train
1046,val
1047,train
1048,train
1049,train
1050,test
1051,train
1052,train
1053,train
1054,train
1055,train
1056,val
1057,train
1058,test
1059,val
1060,train
1061,test
1062,train
1063,train
1064,train
1065,train
1066,train
1067,test
1068,train
1069,val
1070,train
1071,test
1072,train
1073,train
1074,val
1075,test
1076,train
1077,test
1078,train
1079,train
1080,train
1081,train
1082,train
1083,train
1084,train
1085,train
1086,train
1087,val
1088,val
1089,train
1090,train
1091,train
1092,test
1093,train
1094,train
1095,train
1096,train
1097,train
1098,train
1099,train
1100,train
1101,train
1102,train
1103,train
1104,train
1105,train
1106,train
1107,val
1108,train
1109,train
1110,train
1111,train
1112,train
1113,train
1114,train
1115,train
1116,train
1117,train
1118,train
1119,train
1120,train
1121,train
1122,test
1123,train
1124,train
1125,train
1126,train
1127,train
1128,train
1129,train
1130,train
1131,val
1132,train
1133,test
1134,train
1135,val
1136,train
1137,train
1138,train
1139,train
1140,val
1141,train
1142,train
1143,train
1144,val
1145,train
1146,train
1147,train
1148,train
1149,train
1150,train
1151,train
1152,train
1153,train
1154,train
1155,test
1156,train
1157,train
1158,train
1159,train
1160,test
1161,train
1162,train
1163,train
1164,test
1165,train
1166,test
1167,train
1168,train
1169,test
1170,train
1171,val
1172,train
1173,train
1174,val
1175,train
1176,train
1177,train
1178,train
1179,test
1180,train
1181,test
1182,test
1183,test
1184,val
1185,val
1186,train
1187,train
1188,val
1189,test
1190,train
1191,test
1192,train
1193,train
1194,train
1195,val
1196,val
1197,train
1198,train
1199,val
1200,val
1201,train
1202,train
1203,train
1204,train
1205,train
1206,train
1207,val
1208,train
1209,val
1210,val
1211,train
1212,train
1213,train
1214,train
1215,train
1216,train
1217,train
1218,test
1219,train
1220,test
1221,train
1222,train
1223,train
1224,val
1225,train
1226,train
1227,train
1228,train
1229,train
1230,train
1231,train
1232,test
1233,test
1234,test
1235,train
1236,train
1237,train
1238,train
1239,train
1240,test
1241,train
1242,train
1243,val
1244,train
1245,val
1246,train
1247,train
1248,val
1249,test
1250,train
1251,test
1252,train
1253,val
1254,train
1255,train
1256,train
1257,train
1258,train
1259,train
1260,train
1261,train
1262,train
1263,train
1264,train
1265,test
1266,train
1267,val
1268,test
1269,train
1270,val
1271,train
1272,test
1273,val
1274,test
1275,train
1276,test
1277,train
1278,train
1279,test
1280,val
1281,train
1282,train
1283,train
1284,test
1285,train
1286,train
1287,test
1288,train
1289,train
1290,train
1291,train
1292,train
1293,train
1294,train
1295,test
1296,train
1297,train
1298,test
1299,train
1300,train
1301,val
1302,train
1303,test
1304,train
1305,test
1306,train
1307,train
1308,train
1309,train
1310,test
1311,train
1312,train
1313,train
1314,train
1315,train
1316,train
1317,train
1318,train
1319,train
1320,val
1321,train
1322,train
1323,train
1324,train
1325,train
1326,train
1327,train
1328,train
1329,train
1330,train
1331,train
1332,train
1333,train
1334,train
1335,test
1336,train
1337,val
1338,train
1339,train
1340,train
1341,train
1342,train
1343,train
1344,train
1345,test
1346,test
1347,val
1348,train
1349,train
1350,train
1351,test
1352,train
1353,train
1354,train
1355,train
1356,test
1357,val
1358,train
1359,train
1360,test
1361,test
1362,val
1363,train
1364,val
1365,train
1366,train
1367,val
1368,train
1369,test
1370,test
1371,train
1372,train
1373,test
1374,train
1375,train
1376,val
1377,test
1378,train
1379,train
1380,train
1381,train
1382,val
1383,train
1384,train
1385,train
1386,train
1387,test
1388,train
1389,train
1390,val
1391,train
1392,train
1393,train
1394,train
1395,train
1396,test
1397,train
1398,train
1399,train
1400,train
1401,test
1402,train
1403,train
1404,val
1405,train
1406,train
1407,train
1408,train
1409,train
1410,train
1411,test
1412,test
1413,train
1414,test
1415,train
1416,train
1417,train
1418,test
1419,train
1420,train
1421,train
1422,train
1423,train
1424,train
1425,train
1426,train
1427,train
1428,test
1429,train
1430,train
1431,train
1432,train
1433,train
1434,train
1435,train
1436,train
1437,test
1438,train
1439,val
1440,train
1441,train
1442,val
1443,val
1444,train
1445,train
1446,train
1447,train
1448,train
1449,test
1450,train
1451,train
1452,train
1453,train
1454,train
1455,test
1456,val
1457,train
1458,train
1459,train
1460,train
1461,test
1462,val
1463,train
1464,train
1465,train
1466,train
1467,train
1468,train
1469,train
1470,train
1471,train
1472,train
1473,test
1474,test
1475,train
1476,train
1477,val
1478,train
1479,test
1480,train
1481,train
1482,train
1483,train
1484,train
1485,train
1486,val
1487,test
1488,train
1489,train
1490,train
1491,train
1492,train
1493,val
1494,test
1495,train
1496,train
1497,val
1498,test
1499,test
1500,train
1501,train
1502,train
1503,test
1504,train
1505,test
1506,test
1507,train
1508,test
1509,train
1510,train
1511,train
1512,test
1513,train
1514,train
1515,val
1516,train
1517,train
1518,train
1519,test
1520,train
1521,test
1522,train
1523,test
1524,train
1525,train
1526,train
1527,train
1528,train
1529,train
1530,val
1531,train
1532,train
1533,test
1534,train
1535,val
1536,val
1537,train
1538,train
1539,val
1540,train
1541,train
1542,val
1543,train
1544,train
1545,train
1546,train
1547,train
1548,val
1549,train
1550,test
1551,train
1552,train
1553,train
1554,train
1555,train
1556,train
1557,train
1558,test
1559,train
1560,test
1561,train
1562,val
1563,train
1564,train
1565,train
1566,val
1567,train
1568,train
1569,val
1570,train
1571,test
1572,train
1573,train
1574,val
1575,train
1576,train
1577,train
1578,train
1579,val
1580,test
1581,test
1582,train
1583,train
1584,train
1585,train
1586,train
1587,train
1588,test
1589,train
1590,train
1591,train
1592,test
1593,train
1594,val
1595,train
1596,train
1597,train
1598,train
1599,train
1600,test
1601,test
1602,train
1603,val
1604,train
1605,train
1606,train
1607,train
1608,train
1609,train
1610,train
1611,train
1612,train
1613,train
1614,train
1615,train
1616,train
1617,train
1618,train
1619,train
1620,train
1621,train
1622,val
1623,train
1624,val
1625,train
1626,test
1627,train
1628,train
1629,val
1630,train
1631,train
1632,train
1633,test
1634,train
1635,test
1636,train
1637,train
1638,val
1639,train
1640,train
1641,train
1642,val
1643,train
1644,val
1645,train
1646,train
1647,train
1648,train
1649,train
1650,train
1651,train
1652,train
1653,train
1654,train
1655,train
1656,test
1657,train
1658,train
1659,train
1660,train
1661,train
1662,train
1663,train
1664,train
1665,train
1666,train
1667,train
1668,train
1669,train
1670,test
1671,train
1672,train
1673,test
1674,train
1675,test
1676,train
1677,train
1678,train
1679,val
1680,train
1681,test
1682,train
1683,train
1684,val
1685,train
1686,train
1687,train
1688,train
1689,train
1690,train
1691,val
1692,train
1693,val
1694,train
1695,test
1696,test
1697,test
1698,train
1699,test
1700,train
1701,train
1702,test
1703,train
1704,test
1705,train
1706,train
1707,train
1708,train
1709,train
1710,test
1711,train
1712,train
1713,val
1714,train
1715,val
1716,train
1717,train
1718,train
1719,val
1720,test
1721,test
1722,val
1723,train
1724,train
1725,val
1726,train
1727,train
1728,val
1729,train
1730,train
1731,train
1732,train
1733,train
1734,val
1735,test
1736,train
1737,train
1738,train
1739,val
1740,train
1741,train
1742,train
1743,train
1744,train
1745,train
1746,train
1747,train
1748,train
1749,test
1750,test
1751,val
1752,train
1753,train
1754,train
1755,train
1756,train
1757,train
1758,train
1759,train
1760,train
1761,train
1762,val
1763,train
1764,train
1765,train
1766,train
1767,train
1768,val
1769,train
1770,train
1771,val
1772,val
1773,test
1774,test
1775,train
1776,train
1777,val
1778,train
1779,train
1780,train
1781,train
1782,train
1783,test
1784,train
1785,train
1786,train
1787,test
1788,train
1789,train
1790,train
1791,train
1792,train
1793,val
1794,train
1795,train
1796,train
1797,train
1798,test
1799,train
1800,train
1801,train
1802,test
1803,train
1804,train
1805,train
1806,train
1807,train
1808,train
1809,val
1810,test
1811,val
1812,train
1813,train
1814,train
1815,train
1816,train
1817,test
1818,train
1819,train
1820,train
1821,train
1822,train
1823,train
1824,train
1825,train
1826,train
1827,train
1828,train
1829,train
1830,train
1831,train
1832,train
1833,val
1834,train
1835,train
1836,train
1837,train
1838,test
1839,test
1840,train
1841,train
1842,train
1843,train
1844,train
1845,train
1846,test
1847,train
1848,train
1849,train
1850,train
1851,val
1852,train
1853,train
1854,train
1855,train
1856,train
1857,val
1858,train
1859,train
1860,train
1861,train
1862,train
1863,val
1864,train
1865,train
1866,train
1867,train
1868,train
1869,train
1870,train
1871,train
1872,train
1873,train
1874,test
1875,train
1876,test
1877,train
1878,train
1879,train
1880,test
1881,train
1882,val
1883,train
1884,test
1885,train
1886,train
1887,train
1888,train
1889,train
1890,test
1891,train
1892,train
1893,val
1894,train
1895,val
1896,train
1897,val
1898,val
1899,train
1900,train
1901,train
1902,train
1903,train
1904,test
1905,train
1906,test
1907,val
1908,train
1909,train
1910,train
1911,train
1912,train
1913,train
1914,train
1915,train
1916,train
1917,train
1918,train
1919,train
1920,train
1921,val
1922,val
1923,train
1924,train
1925,test
1926,val
1927,train
1928,train
1929,train
1930,train
1931,train
1932,train
1933,train
1934,train
1935,train
1936,val
1937,train
1938,train
1939,test
1940,train
1941,train
1942,train
1943,test
1944,train
1945,val
1946,train
1947,test
1948,val
1949,train
1950,train
1951,train
1952,train
1953,train
1954,test
1955,train
1956,train
1957,val
1958,train
1959,train
1960,train
1961,train
1962,train
1963,val
1964,val
1965,val
1966,train
1967,train
1968,train
1969,train
1970,test
1971,train
1972,train
1973,train
1974,test
1975,train
1976,val
1977,train
1978,train
1979,train
1980,train
1981,train
1982,train
1983,train
1984,train
1985,train
1986,train
1987,train
1988,train
1989,test
1990,train
1991,train
1992,test
1993,train
1994,test
1995,train
1996,train
1997,test
1998,train
1999,train
2000,val
2001,train
2002,train
2003,train
2004,train
2005,train
2006,train
2007,train
2008,train
2009,train
2010,train
2011,train
2012,train
2013,val
2014,train
2015,train
2016,train
2017,train
2018,train
2019,val
2020,train
2021,train
2022,train
2023,val
2024,train
2025,train
2026,train
2027,test
2028,train
2029,train
2030,test
2031,train
2032,train
2033,train
2034,train
2035,train
2036,val
2037,train
2038,train
2039,train
2040,test
2041,train
2042,val
2043,train
2044,train
2045,train
2046,train
2047,test
2048,train
2049,train
2050,test
2051,val
2052,train
2053,train
2054,val
2055,test
2056,train
2057,train
2058,train
2059,test
2060,val
2061,train
2062,train
2063,train
2064,train
2065,train
2066,train
2067,train
2068,train
2069,train
2070,train
2071,test
2072,train
2073,test
2074,train
2075,train
2076,train
2077,train
2078,val
2079,test
2080,train
2081,train
2082,test
2083,test
2084,val
2085,val
2086,test
2087,train
2088,train
2089,train
2090,train
2091,train
2092,train
2093,val
2094,train
2095,val
2096,train
2097,train
2098,train
2099,val
2100,test
2101,train
2102,test
2103,train
2104,train
2105,train
2106,train
2107,val
2108,train
2109,test
2110,train
2111,train
2112,train
2113,train
2114,train
2115,train
2116,train
2117,val
2118,train
2119,test
2120,test
2121,val
2122,test
2123,train
2124,train
2125,train
2126,test
2127,train
2128,train
2129,test
2130,val
2131,train
2132,val
2133,test
2134,val
2135,test
2136,val
2137,train
2138,val
2139,test
2140,val
2141,test
2142,train
2143,test
2144,train
2145,train
2146,train
2147,val
2148,train
2149,train
2150,train
2151,train
2152,train
2153,train
2154,train
2155,train
2156,train
2157,train
2158,val
2159,val
2160,train
2161,train
2162,train
2163,train
2164,val
2165,test
2166,train
2167,train
2168,train
2169,train
2170,train
2171,train
2172,train
2173,test
2174,train
2175,train
2176,train
2177,train
2178,test
2179,train
2180,val
2181,train
2182,val
2183,train
2184,train
2185,train
2186,train
2187,val
2188,train
2189,val
2190,val
2191,train
2192,train
2193,train
2194,train
2195,test
2196,train
2197,train
2198,train
2199,train
2200,train
2201,train
2202,test
2203,test
2204,train
2205,train
2206,train
2207,val
2208,train
2209,test
2210,test
2211,train
2212,train
2213,train
2214,train
2215,train
2216,train
2217,val
2218,train
2219,train
2220,train
2221,train
2222,train
2223,val
2224,train
2225,val
2226,train
2227,test
2228,train
2229,train
2230,val
2231,val
2232,train
2233,val
2234,train
2235,train
2236,train
2237,val
2238,train
2239,train
2240,train
2241,train
2242,test
2243,train
2244,train
2245,train
2246,val
2247,train
2248,train
2249,train
2250,train
2251,train
2252,train
2253,train
2254,val
2255,train
2256,train
2257,test
2258,train
2259,val
2260,train
2261,train
2262,test
2263,val
2264,train
2265,test
2266,train
2267,train
2268,train
2269,train
2270,train
2271,val
2272,train
2273,train
2274,train
2275,train
2276,test
2277,train
2278,train
2279,train
2280,train
2281,train
2282,train
2283,train
2284,train
2285,train
2286,train
2287,train
2288,train
2289,val
2290,train
2291,val
2292,train
2293,train
2294,train
2295,train
2296,val
2297,train
2298,train
2299,train
2300,train
2301,train
2302,train
2303,test
2304,val
2305,test
2306,test
2307,train
2308,train
2309,val
2310,train
2311,train
2312,train
2313,train
2314,test
2315,train
2316,train
2317,test
2318,val
2319,train
2320,test
2321,train
2322,test
2323,train
2324,val
2325,train
2326,val
2327,train
2328,val
2329,val
2330,train
2331,test
2332,test
2333,train
2334,train
2335,train
2336,train
2337,train
2338,train
2339,test
2340,train
2341,val
2342,train
2343,train
2344,train
2345,val
2346,test
2347,train
2348,train
2349,test
2350,train
2351,train
2352,train
2353,val
2354,test
2355,train
2356,train
2357,val
2358,val
2359,val
2360,train
2361,train
2362,train
2363,test
2364,test
2365,val
2366,train
2367,train
2368,train
2369,train
2370,train
2371,train
2372,test
2373,train
2374,train
2375,val
2376,train
2377,train
2378,train
2379,val
2380,train
2381,train
2382,train
2383,test
2384,train
2385,val
2386,train
2387,train
2388,train
2389,train
2390,train
2391,train
2392,train
2393,val
2394,test
2395,train
2396,train
2397,train
2398,train
2399,train
2400,test
2401,train
2402,train
2403,train
2404,train
2405,val
2406,train
2407,train
2408,train
2409,train
2410,train
2411,train
2412,train
2413,train
2414,train
2415,train
2416,test
2417,train
2418,val
2419,train
2420,test
2421,train
2422,train
2423,val
2424,val
2425,test
2426,train
2427,train
2428,train
2429,train
2430,val
2431,train
2432,train
2433,train
2434,val
2435,train
2436,train
2437,val
2438,train
2439,train
2440,test
2441,train
2442,train
2443,train
2444,test
2445,train
2446,train
2447,test
2448,val
2449,val
2450,train
2451,train
2452,test
2453,train
2454,train
2455,train
2456,val
2457,val
2458,train
2459,val
2460,val
2461,train
2462,train
2463,train
2464,train
2465,train
2466,train
2467,train
2468,train
2469,train
2470,train
2471,train
2472,train
2473,train
2474,val
2475,train
2476,train
2477,val
2478,train
2479,train
2480,val
2481,train
2482,train
2483,train
2484,train
2485,train
2486,train
2487,train
2488,train
2489,train
2490,test
2491,train
2492,train
2493,train
2494,train
2495,train
2496,train
2497,train
2498,train
2499,train
2500,train
2501,train
2502,test
2503,train
2504,train
2505,train
2506,train
2507,test
2508,train
2509,train
2510,train
2511,train
2512,train
2513,train
2514,train
2515,train
2516,train
2517,test
2518,val
2519,train
2520,train
2521,train
2522,train
2523,train
2524,val
2525,train
2526,test
2527,train
2528,val
2529,train
2530,train
2531,train
2532,train
2533,val
2534,val
2535,train
2536,train
2537,train
2538,train
2539,train
2540,train
2541,train
2542,train
2543,train
2544,train
2545,train
2546,train
2547,train
2548,train
2549,val
2550,val
2551,train
2552,train
2553,train
2554,train
2555,train
2556,val
2557,test
2558,test
2559,train
2560,train
2561,train
2562,train
2563,test
2564,train
2565,train
2566,train
2567,train
2568,train
2569,train
2570,train
2571,train
2572,train
2573,test
2574,test
2575,train
2576,val
2577,train
2578,train
2579,train
2580,test
2581,train
2582,train
2583,val
2584,train
2585,train
2586,train
2587,test
2588,train
2589,val
2590,train
2591,test
2592,test
2593,train
2594,train
2595,val
2596,test
2597,train
2598,train
2599,val
2600,train
2601,train
2602,train
2603,train
2604,train
2605,train
2606,train
2607,train
2608,train
2609,test
2610,val
2611,train
2612,train
2613,train
2614,train
2615,test
2616,train
2617,train
2618,train
2619,train
2620,train
2621,train
2622,test
2623,val
2624,test
2625,train
2626,train
2627,train
2628,train
2629,test
2630,train
2631,train
2632,train
2633,train
2634,train
2635,val
2636,train
2637,test
2638,val
2639,train
2640,train
2641,test
2642,train
2643,train
2644,val
2645,train
2646,test
2647,val
2648,train
2649,val
2650,train
2651,test
2652,test
2653,train
2654,test
2655,train
2656,train
2657,train
2658,train
2659,train
2660,train
2661,train
2662,train
2663,test
2664,train
2665,train
2666,train
2667,val
2668,test
2669,train
2670,train
2671,train
2672,test
2673,train
2674,train
2675,train
2676,test
2677,val
2678,val
2679,train
2680,train
2681,train
2682,train
2683,train
2684,train
2685,test
2686,train
2687,val
2688,train
2689,test
2690,train
2691,train
2692,train
2693,test
2694,train
2695,train
2696,train
2697,test
2698,train
2699,val
2700,train
2701,val
2702,train
2703,train
2704,train
2705,val
2706,train
2707,train
2708,train
2709,train
2710,test
2711,val
2712,train
2713,test
2714,train
2715,train
2716,train
2717,val
2718,val
2719,train
2720,test
2721,train
2722,val
2723,test
2724,train
2725,train
2726,train
2727,val
2728,train
2729,val
2730,test
2731,test
2732,train
2733,train
2734,val
2735,val
2736,train
2737,test
2738,train
2739,train
2740,train
2741,test
2742,test
2743,train
2744,train
2745,train
2746,train
2747,train
2748,train
2749,train
2750,val
2751,train
2752,train
2753,train
2754,train
2755,val
2756,train
2757,train
2758,train
2759,test
2760,train
2761,train
2762,train
2763,train
2764,test
2765,train
2766,train
2767,test
2768,val
2769,train
2770,train
2771,train
2772,train
2773,train
2774,val
2775,val
2776,val
2777,test
2778,val
2779,val
2780,test
2781,train
2782,train
2783,train
2784,test
2785,train
2786,train
2787,train
2788,train
2789,train
2790,train
2791,train
2792,train
2793,train
2794,val
2795,train
2796,train
2797,train
2798,test
2799,train
2800,train
2801,train
2802,val
2803,train
2804,train
2805,val
2806,train
2807,train
2808,train
2809,train
2810,val
2811,train
2812,train
2813,train
2814,val
2815,train
2816,val
2817,test
2818,train
2819,train
2820,train
2821,train
2822,train
2823,train
2824,train
2825,train
2826,test
2827,train
2828,test
2829,train
2830,train
2831,train
2832,train
2833,val
2834,val
2835,train
2836,train
2837,train
2838,val
2839,train
2840,train
2841,val
2842,train
2843,train
2844,train
2845,val
2846,val
2847,train
2848,train
2849,val
2850,train
2851,val
2852,test
2853,train
2854,train
2855,train
2856,train
2857,train
2858,train
2859,val
2860,train
2861,val
2862,test
2863,train
2864,test
2865,train
2866,val
2867,test
2868,train
2869,train
2870,train
2871,test
2872,train
2873,train
2874,train
2875,val
2876,test
2877,train
2878,train
2879,train
2880,test
2881,train
2882,val
2883,val
2884,train
2885,val
2886,train
2887,test
2888,train
2889,train
2890,val
2891,train
2892,train
2893,train
2894,train
2895,train
2896,test
2897,val
2898,test
2899,train
2900,val
2901,test
2902,train
2903,test
2904,train
2905,test
2906,train
