ablation_family,experiment,max_df,precision,recall,f1,macro_f1,pr_auc,roc_auc,model,positive_rate,test_positive_rate
tfidf_high_frequency_filter,word_bigram,0.95,0.2653061224489796,0.3611111111111111,0.3058823529411765,0.5705389418337168,0.2670855815842866,0.6328616352201257,,,
tfidf_high_frequency_filter,word_bigram_no_frequency_filter,1.0,0.2653061224489796,0.3611111111111111,0.3058823529411765,0.5705389418337168,0.2670855815842866,0.6328616352201257,,,
tfidf_high_frequency_filter,word_bigram_high_frequency_filter,0.8,0.2653061224489796,0.3611111111111111,0.3058823529411765,0.5705389418337168,0.2670855815842866,0.6328616352201257,,,
context_input,BGE embedding + LR (target),,0.2512820512820513,0.6805555555555556,0.36704119850187267,0.5470100984431818,0.3302368769124175,0.6733677747828691,,,
context_input,BGE embedding + LR (target+next),,0.19877675840978593,0.9027777777777778,0.3258145363408521,0.3867265700184753,0.3217670770358083,0.6991239892183289,,,
annotator_threshold,any_support,,0.1951219512195122,0.3333333333333333,0.2461538461538461,,0.2472575769456333,0.6006663671758011,tfidf,0.1640866873065015,0.1625282167042889
annotator_threshold,any_support,,0.352112676056338,0.3472222222222222,0.3496503496503496,,0.3313308928194066,0.6638963761605271,albert,0.1640866873065015,0.1625282167042889
annotator_threshold,consensus_2,,0.1111111111111111,0.1923076923076923,0.1408450704225352,,0.1355859271499873,0.6837299391256225,tfidf,0.0426556587547299,0.0586907449209932
annotator_threshold,consensus_2,,0.1777777777777777,0.3076923076923077,0.2253521126760563,,0.1390219798890552,0.7543811104962184,albert,0.0426556587547299,0.0586907449209932
