split_strategy,split_seed,split_sha256,train_rows,validation_rows,test_rows,test_positive,test_prevalence,best_c,accuracy,precision,recall,f1,f0.5,f2,macro_f1,roc_auc,pr_auc,prevalence,pr_auc_lift,threshold,positive_prediction_rate,confusion_matrix
naive_sentence,42,c2ce5fcc4bd2e60850525ccd52f27d1befd44e44c8c2c6bd867d88feb2c566ff,2034,436,437,72,0.1647597254004576,1.0,0.7482837528604119,0.3303571428571428,0.5138888888888888,0.4021739130434782,0.3557692307692308,0.4625,0.6213768115942029,0.7392503805175038,0.3748890379916366,0.1647597254004576,2.2753681889214614,0.2,0.2562929061784897,"[[290, 75], [35, 37]]"
naive_sentence,43,59f85d4ae0d8f0cf92a2b494ab885e060144ad8f193ddce65b9bf8108736cece,2034,436,437,72,0.1647597254004576,0.1,0.1876430205949656,0.1654846335697399,0.9722222222222222,0.2828282828282828,0.1984126984126984,0.4922644163150492,0.173076410543429,0.6943302891933029,0.374779428296203,0.1647597254004576,2.2747029189644548,0.15,0.9679633867276888,"[[12, 353], [2, 70]]"
naive_sentence,44,00e844076278948fd7aabf310c27aed04cabc0f813ff9763976a5c71dc28bfdb,2034,436,437,72,0.1647597254004576,1.0,0.7574370709382151,0.2976190476190476,0.3472222222222222,0.3205128205128205,0.3063725490196078,0.336021505376344,0.5864402542675523,0.6975266362252664,0.2788078980752251,0.1647597254004576,1.6922090480399083,0.2,0.1922196796338672,"[[306, 59], [47, 25]]"
response_grouped,42,1f6ccded50e62ab07c9399e1cb821b99ec883adbede74f11bb564231cc0a06a1,1989,464,454,76,0.1674008810572687,0.1,0.2709251101321586,0.1772151898734177,0.9210526315789472,0.2972399150743099,0.2113526570048309,0.5007153075822603,0.2699014220680474,0.6315441381230855,0.2594119248703499,0.1674008810572687,1.5496449196202482,0.15,0.8700440528634361,"[[53, 325], [6, 70]]"
response_grouped,43,db8e63fdac84384edf31f50b6caba70f1743f4d7617d6a5d7948f51371698c04,2037,423,447,84,0.1879194630872483,0.1,0.2080536912751678,0.1903669724770642,0.988095238095238,0.3192307692307692,0.2270240700218818,0.5375647668393783,0.1863533525298231,0.694952774498229,0.3789729384213257,0.1879194630872483,2.016677422313484,0.15,0.9753914988814316,"[[10, 353], [1, 83]]"
response_grouped,44,9caa9064ac50017d1c8979f667000e020d6f6201d2ecd8180c470a8d1058f183,2028,473,406,66,0.1625615763546798,0.1,0.1724137931034483,0.1641791044776119,1.0,0.282051282051282,0.1971326164874552,0.4954954954954955,0.1526535480023852,0.7030080213903743,0.3601376914078722,0.1625615763546798,2.215392465327214,0.15,0.9901477832512317,"[[4, 336], [0, 66]]"
question_grouped,42,b8fa636b81d7c12f8e1208b992d1a98329c98cd01c6f0f720085589dbcaa812a,2060,427,420,62,0.1476190476190476,1.0,0.7214285714285714,0.2727272727272727,0.532258064516129,0.360655737704918,0.3021978021978022,0.4471544715447154,0.591286772962048,0.6900117138223104,0.3363207712034088,0.1476190476190476,2.278301998474705,0.2,0.288095238095238,"[[270, 88], [29, 33]]"
question_grouped,43,1e7499c062d37981e0076f705b5ff91d1539dd66d3996029ea6693b2f6294459,2034,437,436,59,0.1353211009174312,0.1,0.8073394495412844,0.3417721518987341,0.4576271186440678,0.391304347826087,0.36,0.4285714285714285,0.638431465466177,0.6961740772377827,0.3000981088910921,0.1353211009174312,2.2176741606189183,0.2,0.1811926605504587,"[[325, 52], [32, 27]]"
question_grouped,44,46babb365f1ecccc2a85d9d4f6acb119f9866cd15e6a3b9951615416a45ab29e,2045,433,429,59,0.1375291375291375,1.0,0.7925407925407926,0.265625,0.288135593220339,0.2764227642276423,0.2698412698412698,0.2833333333333333,0.5776671644267463,0.6942281264315163,0.3085693282778812,0.1375291375291375,2.243665115783238,0.25,0.1491841491841491,"[[323, 47], [42, 17]]"
near_duplicate_question_grouped,42,26018fd4647ad91e8cb1af2a8932f93b232012d7a9484f7067649c5ec4208e02,2035,429,443,72,0.1625282167042889,1.0,0.7336343115124153,0.2653061224489796,0.3611111111111111,0.3058823529411765,0.2801724137931034,0.3367875647668393,0.5705389418337168,0.6328616352201257,0.2670855815842866,0.1625282167042889,1.643318231136652,0.2,0.2212189616252821,"[[299, 72], [46, 26]]"
near_duplicate_question_grouped,43,4bf891cee57c308561487ab7093faaa7bb4b9608e453a0e86fb990c1c6c11d9d,2035,429,443,71,0.1602708803611738,0.1,0.1760722347629796,0.1612903225806451,0.9859154929577464,0.2772277227722772,0.1936912008854455,0.4874651810584958,0.1596112367142226,0.5840905648947448,0.2080588791651962,0.1602708803611738,1.2981701897208726,0.15,0.979683972911964,"[[8, 364], [1, 70]]"
near_duplicate_question_grouped,44,e6a24b20b5b15d5f977e6d6807bc96c91a1656c9c5f0a75491e86b74917dc757,2035,429,443,72,0.1625282167042889,1.0,0.7313769751693002,0.2673267326732673,0.375,0.3121387283236994,0.2836134453781512,0.3470437017994858,0.5726191537831681,0.636006289308176,0.2681329731253782,0.1625282167042889,1.6497625985353137,0.2,0.2279909706546275,"[[297, 74], [45, 27]]"
responder_grouped,42,8c3c7fc9f810222c8bde7b5023f3cdf860031ac9c20e5d64445ab397a4148670,1085,669,1153,78,0.0676496097137901,0.1,0.562012142237641,0.0805500982318271,0.5256410256410257,0.1396933560477001,0.096972563859981,0.2496954933008526,0.4229589526020932,0.5626833631484794,0.0784119535666272,0.0676496097137901,1.1590895187477084,0.3,0.4414570685169124,"[[607, 468], [37, 41]]"
responder_grouped,43,dc05ff06bfaefc593e964a241a6acbc465f85cff936dd204aeec4e1f9bf9e41c,1465,669,773,269,0.3479948253557567,0.1,0.3479948253557567,0.3479948253557567,1.0,0.5163147792706334,0.4001785182981255,0.7274202271498107,0.2581573896353167,0.5032786038826931,0.3634657414608294,0.3479948253557567,1.0444573165398556,0.05,1.0,"[[0, 504], [0, 269]]"
responder_grouped,44,dc8837875a3f001c55bac793d0530c43467a37f0b80d2bb69863b10425a51899,981,1153,773,269,0.3479948253557567,1.0,0.4411384217335058,0.3639398998330551,0.8104089219330854,0.5023041474654378,0.4090056285178236,0.6507462686567164,0.4325680029362587,0.5430865344898802,0.3708641618587959,0.3479948253557567,1.0657174614009266,0.1,0.7749029754204398,"[[123, 381], [51, 218]]"
topic_grouped,42,8ce46d646a0e12a2596fb559137fdcd19052cbb46a37709b0af2ff2c2535c91e,2006,469,432,63,0.1458333333333333,0.1,0.1527777777777778,0.1468531468531468,1.0,0.2560975609756097,0.1770657672849915,0.4625550660792951,0.1361132966168371,0.7124575214006108,0.3290934501880181,0.1458333333333333,2.256640801289268,0.15,0.9930555555555556,"[[3, 366], [0, 63]]"
topic_grouped,43,15135ce1e256f2d4c9e949c3c6b967436eb95a4dcecaf33d2539ea5bfbe16507,1997,404,506,53,0.1047430830039525,0.1,0.8458498023715415,0.3287671232876712,0.4528301886792453,0.3809523809523809,0.3478260869565217,0.4210526315789473,0.6464581317854455,0.7777500104127619,0.3825685706740479,0.1047430830039525,3.6524471086994006,0.2,0.1442687747035573,"[[404, 49], [29, 24]]"
topic_grouped,44,dddc2c6350a9b7e4feb540b4766b14c10aef6b6aa78b2a1561e746a7c2f1e089,2053,430,424,67,0.1580188679245283,0.01,0.1580188679245283,0.1580188679245283,1.0,0.2729124236252546,0.1900170164492342,0.4841040462427746,0.1364562118126273,0.5976211380074419,0.2727030406927063,0.1580188679245283,1.725762526174739,0.2,1.0,"[[0, 357], [0, 67]]"
