row_index,response_id,label,split
0,0,0,train
1,0,0,train
2,0,0,train
3,0,0,train
4,0,0,train
5,0,0,train
6,0,0,train
7,0,0,train
8,0,0,train
9,0,0,train
10,1,0,train
11,1,0,train
12,1,0,train
13,1,1,train
14,1,1,train
15,1,1,train
16,1,1,train
17,1,0,train
18,2,1,train
19,2,0,train
20,3,0,train
21,3,0,train
22,3,0,train
23,3,0,train
24,3,0,train
25,3,0,train
26,3,0,train
27,3,0,train
28,3,0,train
29,3,0,train
30,4,1,train
31,4,1,train
32,5,0,train
33,5,0,train
34,5,0,train
35,5,0,train
36,5,0,train
37,5,0,train
38,5,0,train
39,5,0,train
40,5,0,train
41,5,0,train
42,5,0,train
43,5,0,train
44,5,0,train
45,5,0,train
46,6,0,train
47,6,0,train
48,6,1,train
49,6,0,train
50,7,0,train
51,7,0,train
52,7,1,train
53,7,1,train
54,7,1,train
55,7,1,train
56,7,1,train
57,8,0,test
58,8,0,test
59,8,1,test
60,8,0,test
61,8,0,test
62,8,0,test
63,8,0,test
64,9,0,test
65,9,0,test
66,9,0,test
67,9,0,test
68,9,0,test
69,9,0,test
70,9,0,test
71,9,0,test
72,9,0,test
73,9,0,test
74,9,0,test
75,10,0,test
76,10,0,test
77,10,0,test
78,10,0,test
79,11,0,test
80,11,0,test
81,11,1,test
82,12,0,train
83,12,0,train
84,12,0,train
85,12,0,train
86,12,0,train
87,12,0,train
88,13,0,train
89,13,0,train
90,13,0,train
91,13,0,train
92,13,0,train
93,13,0,train
94,13,0,train
95,13,0,train
96,13,0,train
97,14,0,train
98,15,0,train
99,15,0,train
100,15,0,train
101,15,0,train
102,15,0,train
103,15,0,train
104,16,0,train
105,16,0,train
106,16,0,train
107,16,0,train
108,16,0,train
109,16,0,train
110,16,0,train
111,17,0,train
112,17,0,train
113,17,0,train
114,17,0,train
115,17,0,train
116,17,0,train
117,17,0,train
118,17,1,train
119,17,0,train
120,17,0,train
121,17,0,train
122,17,0,train
123,17,0,train
124,18,0,train
125,18,0,train
126,18,0,train
127,19,0,train
128,19,0,train
129,19,0,train
130,19,0,train
131,19,0,train
132,19,0,train
133,20,0,train
134,20,0,train
135,20,0,train
136,20,0,train
137,20,1,train
138,20,1,train
139,20,1,train
140,20,0,train
141,20,0,train
142,21,0,train
143,21,0,train
144,21,0,train
145,21,0,train
146,21,0,train
147,21,0,train
148,21,0,train
149,21,0,train
150,21,0,train
151,21,0,train
152,21,0,train
153,22,1,train
154,23,0,train
155,23,0,train
156,23,0,train
157,23,0,train
158,23,0,train
159,23,0,train
160,23,0,train
161,24,0,val
162,24,0,val
163,24,0,val
164,24,0,val
165,24,0,val
166,24,0,val
167,24,0,val
168,24,0,val
169,24,0,val
170,24,0,val
171,24,0,val
172,24,0,val
173,24,0,val
174,25,0,val
175,25,0,val
176,25,0,val
177,25,0,val
178,25,0,val
179,26,1,val
180,26,1,val
181,26,0,val
182,26,0,val
183,26,0,val
184,26,0,val
185,26,0,val
186,26,0,val
187,26,0,val
188,26,0,val
189,26,0,val
190,26,0,val
191,26,1,val
192,26,1,val
193,26,1,val
194,27,0,train
195,27,0,train
196,27,0,train
197,27,0,train
198,27,0,train
199,27,0,train
200,27,0,train
201,27,0,train
202,27,0,train
203,27,0,train
204,28,0,train
205,28,0,train
206,28,0,train
207,28,0,train
208,28,0,train
209,28,0,train
210,28,0,train
211,28,0,train
212,28,0,train
213,28,0,train
214,28,0,train
215,28,0,train
216,28,0,train
217,28,0,train
218,28,0,train
219,29,1,train
220,30,1,train
221,30,1,train
222,30,1,train
223,30,1,train
224,31,0,train
225,31,0,train
226,31,0,train
227,31,0,train
228,31,0,train
229,31,0,train
230,31,0,train
231,31,0,train
232,31,0,train
233,31,0,train
234,31,0,train
235,31,0,train
236,31,0,train
237,32,0,train
238,32,0,train
239,32,0,train
240,32,0,train
241,32,0,train
242,32,0,train
243,32,1,train
244,32,0,train
245,32,0,train
246,32,0,train
247,32,0,train
248,33,0,train
249,33,0,train
250,33,0,train
251,33,0,train
252,34,0,train
253,34,0,train
254,34,1,train
255,34,1,train
256,34,1,train
257,35,0,test
258,35,0,test
259,35,1,test
260,35,0,test
261,35,0,test
262,35,0,test
263,35,0,test
264,36,0,test
265,36,0,test
266,36,1,test
267,36,0,test
268,36,0,test
269,36,0,test
270,36,0,test
271,36,0,test
272,36,0,test
273,37,1,test
274,37,0,test
275,37,0,test
276,37,0,test
277,38,1,test
278,38,1,test
279,38,1,test
280,38,1,test
281,38,0,test
282,38,0,test
283,38,1,test
284,38,1,test
285,39,0,train
286,39,0,train
287,39,0,train
288,39,0,train
289,39,0,train
290,39,0,train
291,39,0,train
292,39,0,train
293,39,0,train
294,39,0,train
295,39,0,train
296,40,0,train
297,40,0,train
298,40,0,train
299,40,0,train
300,40,0,train
301,40,0,train
302,40,0,train
303,40,0,train
304,40,0,train
305,40,0,train
306,40,0,train
307,41,0,train
308,41,0,train
309,41,0,train
310,41,0,train
311,41,0,train
312,42,0,train
313,42,0,train
314,42,0,train
315,42,1,train
316,42,1,train
317,42,0,train
318,42,0,train
319,42,0,train
320,43,0,train
321,43,0,train
322,43,1,train
323,43,1,train
324,43,1,train
325,43,0,train
326,43,0,train
327,43,0,train
328,43,0,train
329,43,0,train
330,43,0,train
331,44,0,train
332,44,0,train
333,44,0,train
334,44,0,train
335,44,0,train
336,44,0,train
337,44,0,train
338,44,0,train
339,44,0,train
340,44,0,train
341,44,0,train
342,45,0,train
343,45,1,train
344,45,1,train
345,45,0,train
346,45,0,train
347,45,1,train
348,46,0,train
349,46,0,train
350,46,0,train
351,46,0,train
352,46,0,train
353,46,0,train
354,47,0,train
355,47,0,train
356,47,0,train
357,47,0,train
358,47,0,train
359,47,1,train
360,48,0,train
361,48,0,train
362,48,0,train
363,48,0,train
364,48,0,train
365,48,0,train
366,48,0,train
367,49,0,train
368,49,1,train
369,50,0,train
370,50,0,train
371,50,0,train
372,50,1,train
373,50,0,train
374,50,0,train
375,51,0,test
376,51,0,test
377,51,0,test
378,51,0,test
379,51,0,test
380,51,0,test
381,51,0,test
382,51,0,test
383,51,0,test
384,51,0,test
385,51,0,test
386,51,0,test
387,51,0,test
388,51,0,test
389,51,0,test
390,51,0,test
391,51,0,test
392,51,0,test
393,51,0,test
394,51,0,test
395,52,0,test
396,52,0,test
397,52,0,test
398,52,0,test
399,52,0,test
400,52,0,test
401,52,0,test
402,52,0,test
403,52,0,test
404,52,0,test
405,52,0,test
406,53,0,test
407,53,0,test
408,54,1,test
409,54,1,test
410,54,1,test
411,54,1,test
412,55,0,train
413,55,0,train
414,55,0,train
415,55,0,train
416,55,0,train
417,55,0,train
418,55,0,train
419,56,0,train
420,56,0,train
421,56,0,train
422,56,0,train
423,56,0,train
424,56,0,train
425,56,0,train
426,56,0,train
427,56,0,train
428,56,0,train
429,56,0,train
430,56,0,train
431,56,0,train
432,56,0,train
433,57,1,train
434,57,0,train
435,57,0,train
436,58,1,train
437,58,1,train
438,58,1,train
439,58,1,train
440,58,1,train
441,58,1,train
442,58,1,train
443,58,1,train
444,59,0,train
445,59,0,train
446,59,1,train
447,59,0,train
448,59,0,train
449,59,0,train
450,59,0,train
451,59,0,train
452,59,0,train
453,59,0,train
454,59,0,train
455,59,0,train
456,59,0,train
457,60,0,train
458,60,0,train
459,61,1,train
460,61,1,train
461,61,1,train
462,61,1,train
463,62,0,train
464,62,0,train
465,62,0,train
466,62,0,train
467,62,0,train
468,62,0,train
469,62,0,train
470,62,0,train
471,62,0,train
472,62,0,train
473,63,1,train
474,63,0,train
475,64,0,train
476,64,0,train
477,64,1,train
478,64,1,train
479,64,1,train
480,64,1,train
481,65,0,test
482,65,0,test
483,65,0,test
484,65,0,test
485,65,0,test
486,65,0,test
487,65,0,test
488,66,0,test
489,66,0,test
490,66,0,test
491,66,0,test
492,66,0,test
493,66,0,test
494,66,0,test
495,66,0,test
496,66,0,test
497,66,0,test
498,66,0,test
499,67,1,test
500,67,1,test
501,67,1,test
502,68,1,test
503,68,1,test
504,68,1,test
505,68,0,test
506,68,0,test
507,68,1,test
508,68,0,test
509,69,0,train
510,69,0,train
511,69,0,train
512,69,0,train
513,69,0,train
514,69,0,train
515,70,0,train
516,70,0,train
517,70,0,train
518,70,0,train
519,70,0,train
520,70,0,train
521,70,0,train
522,70,0,train
523,71,0,train
524,72,0,train
525,72,0,train
526,72,1,train
527,73,0,train
528,73,0,train
529,73,0,train
530,73,0,train
531,73,0,train
532,73,0,train
533,73,0,train
534,74,0,train
535,74,0,train
536,74,0,train
537,74,0,train
538,74,0,train
539,74,0,train
540,74,0,train
541,74,0,train
542,74,0,train
543,74,0,train
544,74,0,train
545,75,0,train
546,75,0,train
547,75,0,train
548,75,1,train
549,75,1,train
550,75,1,train
551,76,0,train
552,76,0,train
553,76,0,train
554,76,0,train
555,76,0,train
556,76,0,train
557,76,1,train
558,76,1,train
559,76,1,train
560,76,1,train
561,76,1,train
562,77,0,test
563,77,0,test
564,77,0,test
565,77,0,test
566,77,0,test
567,77,0,test
568,78,0,test
569,78,0,test
570,78,0,test
571,78,0,test
572,78,0,test
573,78,0,test
574,78,0,test
575,78,0,test
576,78,0,test
577,79,0,test
578,79,0,test
579,80,1,test
580,80,1,test
581,80,1,test
582,80,1,test
583,80,1,test
584,80,1,test
585,81,0,train
586,81,0,train
587,81,0,train
588,81,0,train
589,81,0,train
590,81,0,train
591,81,0,train
592,81,0,train
593,81,0,train
594,81,0,train
595,81,0,train
596,82,0,train
597,82,0,train
598,82,1,train
599,82,0,train
600,82,0,train
601,82,0,train
602,82,0,train
603,82,0,train
604,82,0,train
605,82,0,train
606,82,0,train
607,82,0,train
608,82,0,train
609,83,0,train
610,83,0,train
611,83,0,train
612,83,0,train
613,84,1,train
614,84,1,train
615,84,1,train
616,84,1,train
617,84,0,train
618,84,0,train
619,84,0,train
620,84,0,train
621,84,0,train
622,85,0,val
623,85,0,val
624,85,0,val
625,85,0,val
626,85,0,val
627,85,0,val
628,85,0,val
629,85,0,val
630,85,0,val
631,85,0,val
632,85,0,val
633,85,0,val
634,85,0,val
635,85,0,val
636,85,0,val
637,85,0,val
638,85,0,val
639,85,0,val
640,85,0,val
641,85,0,val
642,86,0,val
643,86,0,val
644,86,0,val
645,86,0,val
646,86,0,val
647,86,0,val
648,86,0,val
649,86,0,val
650,86,0,val
651,87,0,val
652,87,0,val
653,87,0,val
654,87,1,val
655,87,0,val
656,88,0,val
657,88,0,val
658,88,0,val
659,88,0,val
660,88,0,val
661,88,0,val
662,88,0,val
663,88,0,val
664,88,0,val
665,88,0,val
666,88,0,val
667,88,0,val
668,88,0,val
669,88,0,val
670,88,1,val
671,88,1,val
672,88,1,val
673,88,1,val
674,88,1,val
675,88,1,val
676,88,1,val
677,89,0,train
678,89,0,train
679,89,0,train
680,89,0,train
681,89,0,train
682,89,0,train
683,89,0,train
684,90,0,train
685,90,0,train
686,90,0,train
687,90,0,train
688,90,0,train
689,90,0,train
690,90,0,train
691,90,0,train
692,90,0,train
693,90,0,train
694,90,0,train
695,90,0,train
696,90,0,train
697,90,0,train
698,91,0,train
699,91,0,train
700,91,0,train
701,91,0,train
702,92,0,train
703,92,1,train
704,92,1,train
705,92,1,train
706,92,1,train
707,92,1,train
708,92,0,train
709,92,0,train
710,92,0,train
711,92,0,train
712,93,0,train
713,93,0,train
714,93,0,train
715,93,0,train
716,93,0,train
717,93,0,train
718,93,0,train
719,93,0,train
720,93,0,train
721,93,0,train
722,93,0,train
723,93,0,train
724,93,0,train
725,93,0,train
726,94,0,train
727,94,0,train
728,94,0,train
729,94,0,train
730,94,0,train
731,95,0,train
732,95,1,train
733,95,0,train
734,95,0,train
735,95,0,train
736,96,0,train
737,96,0,train
738,96,0,train
739,96,0,train
740,96,0,train
741,96,1,train
742,97,0,train
743,97,0,train
744,97,0,train
745,97,0,train
746,97,0,train
747,97,0,train
748,97,0,train
749,97,0,train
750,97,0,train
751,97,1,train
752,97,0,train
753,98,1,train
754,99,0,train
755,99,0,train
756,99,0,train
757,99,0,train
758,99,0,train
759,100,0,train
760,100,0,train
761,100,0,train
762,100,0,train
763,100,0,train
764,100,0,train
765,100,0,train
766,100,0,train
767,101,0,train
768,101,0,train
769,101,0,train
770,101,0,train
771,101,0,train
772,101,0,train
773,101,0,train
774,101,0,train
775,101,0,train
776,101,0,train
777,102,0,train
778,102,0,train
779,103,1,train
780,103,1,train
781,103,1,train
782,103,1,train
783,103,1,train
784,103,1,train
785,104,0,train
786,104,0,train
787,105,0,train
788,105,0,train
789,105,0,train
790,105,0,train
791,105,0,train
792,105,0,train
793,105,0,train
794,105,0,train
795,105,0,train
796,105,0,train
797,105,0,train
798,105,0,train
799,106,0,train
800,106,0,train
801,106,0,train
802,106,0,train
803,107,1,train
804,107,0,train
805,107,0,train
806,107,0,train
807,108,0,train
808,108,0,train
809,108,1,train
810,108,0,train
811,108,1,train
812,109,1,train
813,109,0,train
814,109,0,train
815,109,0,train
816,109,1,train
817,109,0,train
818,109,0,train
819,109,0,train
820,110,1,train
821,110,0,train
822,111,1,train
823,111,1,train
824,111,1,train
825,111,1,train
826,111,1,train
827,111,1,train
828,111,1,train
829,111,1,train
830,111,1,train
831,112,1,train
832,112,0,train
833,113,0,train
834,113,0,train
835,113,0,train
836,113,0,train
837,113,0,train
838,113,0,train
839,113,0,train
840,113,0,train
841,113,0,train
842,113,0,train
843,113,0,train
844,113,0,train
845,114,0,train
846,114,1,train
847,115,0,train
848,115,0,train
849,115,1,train
850,115,1,train
851,115,1,train
852,115,1,train
853,115,1,train
854,115,0,train
855,115,0,train
856,115,0,train
857,115,0,train
858,115,0,train
859,115,0,train
860,115,0,train
861,115,0,train
862,115,0,train
863,116,1,train
864,116,1,train
865,117,0,train
866,117,0,train
867,117,0,train
868,117,0,train
869,117,0,train
870,117,0,train
871,117,0,train
872,117,0,train
873,117,0,train
874,118,0,train
875,118,1,train
876,118,0,train
877,119,0,train
878,119,0,train
879,119,0,train
880,119,0,train
881,119,0,train
882,119,1,train
883,119,0,train
884,119,0,train
885,119,0,train
886,119,0,train
887,119,0,train
888,120,0,train
889,120,0,train
890,120,0,train
891,120,0,train
892,120,0,train
893,120,0,train
894,120,0,train
895,120,0,train
896,120,0,train
897,120,0,train
898,120,0,train
899,120,0,train
900,121,0,train
901,121,0,train
902,121,0,train
903,122,0,train
904,122,1,train
905,122,0,train
906,123,0,val
907,123,0,val
908,123,0,val
909,123,0,val
910,123,0,val
911,123,0,val
912,123,0,val
913,124,0,val
914,124,0,val
915,124,0,val
916,124,1,val
917,124,1,val
918,124,1,val
919,124,0,val
920,124,0,val
921,124,0,val
922,124,0,val
923,124,0,val
924,125,0,val
925,125,1,val
926,125,0,val
927,126,0,val
928,126,0,val
929,126,0,val
930,126,1,val
931,126,1,val
932,126,0,val
933,126,1,val
934,126,1,val
935,127,0,test
936,127,0,test
937,127,0,test
938,127,0,test
939,127,0,test
940,127,0,test
941,127,0,test
942,127,0,test
943,127,0,test
944,127,0,test
945,128,0,test
946,128,0,test
947,128,0,test
948,128,0,test
949,128,0,test
950,128,0,test
951,128,0,test
952,128,0,test
953,128,0,test
954,128,0,test
955,129,0,test
956,130,1,test
957,130,1,test
958,130,1,test
959,130,1,test
960,130,1,test
961,130,1,test
962,130,1,test
963,130,1,test
964,131,0,train
965,131,0,train
966,131,0,train
967,131,0,train
968,131,0,train
969,131,0,train
970,131,0,train
971,132,0,train
972,132,0,train
973,132,0,train
974,132,0,train
975,132,0,train
976,132,0,train
977,132,0,train
978,132,0,train
979,132,0,train
980,132,0,train
981,133,1,train
982,133,0,train
983,134,0,train
984,134,1,train
985,134,0,train
986,134,0,train
987,134,0,train
988,135,0,train
989,135,0,train
990,135,0,train
991,135,0,train
992,135,0,train
993,135,0,train
994,135,0,train
995,136,1,train
996,136,0,train
997,136,0,train
998,136,0,train
999,136,0,train
1000,136,0,train
1001,136,0,train
1002,136,0,train
1003,136,0,train
1004,136,0,train
1005,136,0,train
1006,136,0,train
1007,136,0,train
1008,136,0,train
1009,137,1,train
1010,138,1,train
1011,138,1,train
1012,138,1,train
1013,138,1,train
1014,138,1,train
1015,138,1,train
1016,138,1,train
1017,138,0,train
1018,139,0,train
1019,139,0,train
1020,139,0,train
1021,139,0,train
1022,139,0,train
1023,139,0,train
1024,139,0,train
1025,139,0,train
1026,139,0,train
1027,139,0,train
1028,139,0,train
1029,140,0,train
1030,140,0,train
1031,140,0,train
1032,140,0,train
1033,140,0,train
1034,140,0,train
1035,140,0,train
1036,140,0,train
1037,140,0,train
1038,140,0,train
1039,141,0,train
1040,141,0,train
1041,141,0,train
1042,141,0,train
1043,141,0,train
1044,142,0,train
1045,142,0,train
1046,142,0,train
1047,142,1,train
1048,142,1,train
1049,142,1,train
1050,142,1,train
1051,142,0,train
1052,142,0,train
1053,142,0,train
1054,142,0,train
1055,143,1,val
1056,143,0,val
1057,144,0,val
1058,144,0,val
1059,144,1,val
1060,144,1,val
1061,144,1,val
1062,144,1,val
1063,144,1,val
1064,144,0,val
1065,144,0,val
1066,144,0,val
1067,145,0,val
1068,145,0,val
1069,145,0,val
1070,145,0,val
1071,145,0,val
1072,146,0,val
1073,146,0,val
1074,146,0,val
1075,146,0,val
1076,146,0,val
1077,146,0,val
1078,146,1,val
1079,146,1,val
1080,146,1,val
1081,146,1,val
1082,147,0,train
1083,147,0,train
1084,147,0,train
1085,147,0,train
1086,147,0,train
1087,147,0,train
1088,148,0,train
1089,148,0,train
1090,148,0,train
1091,148,0,train
1092,148,0,train
1093,148,0,train
1094,148,0,train
1095,148,0,train
1096,148,0,train
1097,149,1,train
1098,149,0,train
1099,150,0,train
1100,150,0,train
1101,150,0,train
1102,150,0,train
1103,150,0,train
1104,150,0,train
1105,150,0,train
1106,151,0,test
1107,151,0,test
1108,151,0,test
1109,151,0,test
1110,151,0,test
1111,151,0,test
1112,151,0,test
1113,151,0,test
1114,151,0,test
1115,152,0,test
1116,152,0,test
1117,152,0,test
1118,152,0,test
1119,152,0,test
1120,152,0,test
1121,152,0,test
1122,152,0,test
1123,152,0,test
1124,152,0,test
1125,153,0,test
1126,153,0,test
1127,154,0,test
1128,154,0,test
1129,154,0,test
1130,154,0,test
1131,154,0,test
1132,154,0,test
1133,155,0,train
1134,155,1,train
1135,155,0,train
1136,155,0,train
1137,155,0,train
1138,155,0,train
1139,156,0,train
1140,156,0,train
1141,156,0,train
1142,156,0,train
1143,156,0,train
1144,156,0,train
1145,156,0,train
1146,156,0,train
1147,156,0,train
1148,156,1,train
1149,157,0,train
1150,157,0,train
1151,158,0,train
1152,158,0,train
1153,158,1,train
1154,158,1,train
1155,159,0,train
1156,159,0,train
1157,159,0,train
1158,159,0,train
1159,159,0,train
1160,159,0,train
1161,159,0,train
1162,159,0,train
1163,159,0,train
1164,159,0,train
1165,159,0,train
1166,159,0,train
1167,159,0,train
1168,159,0,train
1169,159,0,train
1170,159,0,train
1171,159,0,train
1172,160,0,train
1173,160,0,train
1174,160,0,train
1175,161,0,train
1176,161,0,train
1177,161,0,train
1178,162,0,val
1179,162,0,val
1180,162,0,val
1181,162,0,val
1182,162,0,val
1183,162,0,val
1184,162,0,val
1185,162,0,val
1186,162,0,val
1187,162,0,val
1188,163,0,val
1189,163,1,val
1190,163,0,val
1191,163,1,val
1192,164,0,val
1193,164,0,val
1194,164,0,val
1195,164,0,val
1196,164,0,val
1197,164,0,val
1198,164,0,val
1199,164,0,val
1200,164,0,val
1201,164,0,val
1202,164,0,val
1203,164,0,val
1204,164,0,val
1205,165,0,train
1206,165,0,train
1207,165,0,train
1208,165,0,train
1209,165,0,train
1210,165,0,train
1211,165,0,train
1212,165,0,train
1213,165,0,train
1214,165,0,train
1215,166,0,train
1216,166,1,train
1217,166,0,train
1218,167,0,train
1219,167,0,train
1220,167,0,train
1221,167,0,train
1222,168,0,train
1223,168,0,train
1224,168,0,train
1225,168,0,train
1226,168,0,train
1227,168,0,train
1228,168,0,train
1229,168,0,train
1230,168,0,train
1231,168,0,train
1232,168,1,train
1233,168,0,train
1234,168,0,train
1235,169,0,train
1236,169,0,train
1237,169,0,train
1238,170,0,train
1239,170,0,train
1240,170,0,train
1241,170,0,train
1242,170,0,train
1243,170,1,train
1244,170,1,train
1245,170,0,train
1246,170,0,train
1247,170,0,train
1248,170,0,train
1249,171,0,train
1250,171,0,train
1251,171,0,train
1252,171,0,train
1253,171,0,train
1254,171,0,train
1255,171,0,train
1256,171,0,train
1257,172,0,train
1258,172,0,train
1259,172,0,train
1260,172,0,train
1261,172,0,train
1262,172,0,train
1263,172,0,train
1264,172,0,train
1265,172,0,train
1266,173,0,train
1267,173,0,train
1268,174,0,train
1269,174,0,train
1270,174,0,train
1271,174,0,train
1272,174,0,train
1273,174,0,train
1274,174,0,train
1275,174,0,train
1276,174,0,train
1277,174,0,train
1278,174,0,train
1279,174,0,train
1280,175,1,train
1281,175,0,train
1282,175,0,train
1283,175,0,train
1284,175,0,train
1285,175,0,train
1286,175,0,train
1287,175,0,train
1288,175,0,train
1289,175,0,train
1290,175,0,train
1291,175,0,train
1292,175,1,train
1293,176,0,train
1294,176,1,train
1295,177,0,train
1296,177,0,train
1297,177,1,train
1298,177,1,train
1299,177,1,train
1300,177,1,train
1301,177,1,train
1302,177,1,train
1303,177,1,train
1304,177,1,train
1305,177,1,train
1306,177,1,train
1307,177,1,train
1308,177,1,train
1309,178,0,val
1310,178,0,val
1311,178,0,val
1312,178,0,val
1313,178,0,val
1314,179,0,val
1315,179,0,val
1316,179,0,val
1317,179,1,val
1318,179,0,val
1319,179,0,val
1320,179,0,val
1321,179,0,val
1322,179,0,val
1323,179,0,val
1324,179,0,val
1325,179,0,val
1326,180,1,val
1327,180,1,val
1328,180,0,val
1329,181,1,val
1330,181,0,val
1331,181,0,val
1332,181,1,val
1333,181,1,val
1334,181,1,val
1335,182,0,train
1336,182,0,train
1337,182,0,train
1338,182,0,train
1339,182,0,train
1340,182,0,train
1341,182,0,train
1342,182,0,train
1343,182,0,train
1344,182,0,train
1345,182,0,train
1346,183,1,train
1347,183,1,train
1348,183,1,train
1349,183,1,train
1350,183,1,train
1351,184,1,train
1352,184,1,train
1353,184,1,train
1354,184,0,train
1355,185,0,train
1356,185,0,train
1357,185,0,train
1358,185,0,train
1359,185,0,train
1360,185,0,train
1361,186,0,train
1362,186,0,train
1363,186,0,train
1364,186,0,train
1365,186,1,train
1366,186,1,train
1367,186,1,train
1368,186,1,train
1369,186,1,train
1370,186,1,train
1371,187,0,train
1372,187,0,train
1373,187,0,train
1374,187,0,train
1375,187,0,train
1376,188,1,train
1377,188,1,train
1378,188,1,train
1379,188,1,train
1380,188,1,train
1381,188,0,train
1382,189,0,train
1383,189,0,train
1384,189,0,train
1385,189,0,train
1386,189,0,train
1387,189,0,train
1388,189,0,train
1389,189,0,train
1390,189,0,train
1391,189,0,train
1392,189,0,train
1393,190,0,train
1394,190,0,train
1395,190,0,train
1396,190,0,train
1397,191,1,train
1398,191,1,train
1399,191,1,train
1400,191,1,train
1401,191,1,train
1402,191,1,train
1403,191,1,train
1404,191,1,train
1405,191,1,train
1406,191,1,train
1407,191,1,train
1408,191,1,train
1409,191,1,train
1410,191,1,train
1411,191,1,train
1412,191,1,train
1413,192,1,val
1414,192,1,val
1415,192,1,val
1416,192,0,val
1417,192,0,val
1418,192,0,val
1419,193,0,val
1420,193,0,val
1421,193,0,val
1422,193,0,val
1423,193,0,val
1424,193,0,val
1425,194,0,val
1426,195,1,val
1427,195,1,val
1428,195,1,val
1429,195,1,val
1430,196,0,test
1431,196,0,test
1432,196,0,test
1433,196,0,test
1434,196,0,test
1435,196,0,test
1436,196,0,test
1437,197,0,test
1438,197,0,test
1439,197,0,test
1440,197,0,test
1441,197,0,test
1442,197,0,test
1443,197,0,test
1444,197,0,test
1445,197,0,test
1446,197,0,test
1447,197,0,test
1448,198,0,test
1449,198,0,test
1450,199,1,test
1451,199,1,test
1452,199,1,test
1453,199,1,test
1454,199,0,test
1455,199,0,test
1456,200,0,test
1457,200,0,test
1458,200,0,test
1459,200,0,test
1460,200,0,test
1461,200,0,test
1462,200,0,test
1463,201,0,test
1464,201,0,test
1465,201,0,test
1466,201,0,test
1467,201,0,test
1468,201,0,test
1469,201,0,test
1470,201,0,test
1471,201,0,test
1472,201,0,test
1473,201,0,test
1474,202,0,test
1475,202,0,test
1476,202,0,test
1477,203,1,test
1478,203,1,test
1479,203,1,test
1480,203,0,test
1481,204,0,train
1482,204,0,train
1483,204,0,train
1484,204,0,train
1485,204,0,train
1486,204,0,train
1487,204,0,train
1488,205,0,train
1489,205,0,train
1490,205,0,train
1491,205,0,train
1492,205,0,train
1493,205,0,train
1494,205,0,train
1495,205,0,train
1496,206,0,train
1497,207,0,train
1498,207,0,train
1499,207,0,train
1500,207,0,train
1501,207,0,train
1502,207,0,train
1503,207,0,train
1504,207,0,train
1505,208,0,train
1506,208,0,train
1507,208,0,train
1508,208,0,train
1509,208,0,train
1510,208,0,train
1511,208,0,train
1512,208,0,train
1513,208,0,train
1514,208,0,train
1515,208,0,train
1516,208,0,train
1517,208,0,train
1518,208,0,train
1519,208,0,train
1520,209,0,train
1521,209,0,train
1522,209,0,train
1523,210,1,train
1524,210,0,train
1525,210,1,train
1526,210,1,train
1527,210,1,train
1528,210,1,train
1529,210,1,train
1530,210,0,train
1531,210,0,train
1532,211,0,train
1533,211,0,train
1534,211,1,train
1535,211,1,train
1536,211,0,train
1537,211,0,train
1538,211,0,train
1539,211,0,train
1540,212,1,train
1541,212,1,train
1542,212,1,train
1543,212,1,train
1544,212,1,train
1545,212,1,train
1546,212,1,train
1547,212,1,train
1548,212,1,train
1549,212,1,train
1550,212,1,train
1551,212,1,train
1552,212,1,train
1553,212,1,train
1554,212,1,train
1555,213,0,train
1556,213,1,train
1557,213,0,train
1558,213,0,train
1559,213,0,train
1560,213,0,train
1561,214,0,train
1562,214,1,train
1563,214,1,train
1564,214,1,train
1565,214,1,train
1566,215,0,train
1567,215,0,train
1568,215,0,train
1569,215,0,train
1570,215,0,train
1571,215,0,train
1572,215,0,train
1573,215,0,train
1574,215,0,train
1575,215,1,train
1576,215,1,train
1577,215,1,train
1578,216,0,train
1579,216,0,train
1580,216,0,train
1581,216,0,train
1582,217,0,train
1583,217,1,train
1584,217,1,train
1585,217,1,train
1586,217,1,train
1587,218,0,val
1588,218,0,val
1589,218,0,val
1590,218,0,val
1591,218,0,val
1592,218,0,val
1593,218,0,val
1594,218,0,val
1595,218,0,val
1596,218,0,val
1597,218,0,val
1598,219,0,val
1599,219,0,val
1600,219,0,val
1601,219,0,val
1602,219,0,val
1603,219,0,val
1604,219,0,val
1605,219,0,val
1606,219,0,val
1607,219,0,val
1608,219,0,val
1609,219,0,val
1610,220,0,val
1611,220,0,val
1612,220,0,val
1613,220,0,val
1614,221,0,val
1615,221,1,val
1616,221,0,val
1617,221,1,val
1618,221,0,val
1619,221,0,val
1620,221,0,val
1621,221,0,val
1622,221,0,val
1623,221,0,val
1624,221,0,val
1625,221,0,val
1626,221,0,val
1627,222,0,val
1628,222,0,val
1629,222,0,val
1630,222,0,val
1631,222,0,val
1632,222,0,val
1633,222,0,val
1634,222,0,val
1635,222,0,val
1636,222,0,val
1637,222,0,val
1638,222,0,val
1639,223,0,val
1640,223,0,val
1641,223,0,val
1642,223,0,val
1643,223,0,val
1644,223,0,val
1645,223,0,val
1646,223,0,val
1647,223,0,val
1648,223,0,val
1649,223,0,val
1650,223,0,val
1651,223,0,val
1652,223,0,val
1653,224,0,val
1654,224,0,val
1655,224,0,val
1656,224,0,val
1657,224,0,val
1658,224,0,val
1659,225,0,val
1660,225,0,val
1661,225,0,val
1662,225,0,val
1663,225,0,val
1664,225,0,val
1665,226,0,train
1666,226,0,train
1667,226,0,train
1668,226,0,train
1669,226,1,train
1670,226,0,train
1671,226,0,train
1672,226,0,train
1673,226,0,train
1674,226,0,train
1675,227,0,train
1676,227,0,train
1677,227,0,train
1678,227,1,train
1679,227,0,train
1680,227,0,train
1681,228,1,train
1682,228,1,train
1683,228,1,train
1684,228,1,train
1685,228,1,train
1686,228,1,train
1687,228,1,train
1688,228,1,train
1689,228,1,train
1690,228,1,train
1691,228,1,train
1692,228,1,train
1693,228,1,train
1694,228,1,train
1695,229,0,val
1696,229,0,val
1697,229,0,val
1698,229,0,val
1699,229,0,val
1700,229,0,val
1701,229,0,val
1702,229,0,val
1703,229,0,val
1704,229,0,val
1705,230,0,val
1706,230,0,val
1707,230,0,val
1708,230,0,val
1709,230,0,val
1710,230,0,val
1711,230,0,val
1712,230,0,val
1713,230,0,val
1714,230,0,val
1715,230,0,val
1716,230,0,val
1717,231,0,val
1718,231,1,val
1719,231,0,val
1720,231,0,val
1721,231,0,val
1722,231,0,val
1723,231,0,val
1724,232,1,val
1725,232,0,val
1726,232,0,val
1727,232,0,val
1728,232,0,val
1729,233,1,val
1730,233,1,val
1731,233,1,val
1732,233,1,val
1733,233,1,val
1734,233,1,val
1735,233,1,val
1736,233,1,val
1737,233,1,val
1738,233,1,val
1739,233,1,val
1740,233,1,val
1741,233,1,val
1742,234,0,val
1743,234,0,val
1744,234,0,val
1745,234,0,val
1746,234,0,val
1747,234,0,val
1748,234,0,val
1749,234,0,val
1750,234,0,val
1751,234,0,val
1752,234,0,val
1753,235,1,val
1754,235,1,val
1755,235,1,val
1756,236,1,val
1757,236,1,val
1758,236,1,val
1759,236,1,val
1760,236,1,val
1761,236,1,val
1762,236,1,val
1763,236,1,val
1764,237,0,val
1765,237,0,val
1766,237,0,val
1767,237,0,val
1768,237,0,val
1769,237,0,val
1770,237,0,val
1771,237,0,val
1772,237,0,val
1773,237,0,val
1774,238,0,val
1775,238,0,val
1776,239,0,val
1777,239,0,val
1778,239,1,val
1779,239,0,val
1780,239,0,val
1781,240,0,train
1782,240,0,train
1783,240,0,train
1784,240,0,train
1785,240,0,train
1786,240,0,train
1787,240,0,train
1788,240,0,train
1789,240,0,train
1790,240,0,train
1791,240,0,train
1792,241,0,train
1793,241,0,train
1794,241,0,train
1795,241,0,train
1796,241,0,train
1797,241,0,train
1798,241,0,train
1799,241,0,train
1800,241,0,train
1801,241,0,train
1802,241,0,train
1803,241,0,train
1804,242,0,train
1805,242,0,train
1806,242,0,train
1807,242,0,train
1808,243,1,train
1809,243,1,train
1810,243,0,train
1811,243,0,train
1812,243,1,train
1813,243,0,train
1814,243,0,train
1815,244,0,test
1816,244,0,test
1817,244,0,test
1818,244,0,test
1819,244,0,test
1820,244,0,test
1821,245,0,test
1822,245,0,test
1823,245,0,test
1824,245,0,test
1825,245,0,test
1826,245,0,test
1827,245,0,test
1828,245,0,test
1829,245,0,test
1830,245,0,test
1831,246,1,test
1832,246,1,test
1833,247,1,test
1834,247,1,test
1835,247,1,test
1836,247,1,test
1837,248,0,train
1838,248,0,train
1839,248,0,train
1840,248,0,train
1841,248,0,train
1842,248,0,train
1843,249,0,train
1844,249,0,train
1845,249,0,train
1846,249,0,train
1847,249,0,train
1848,249,0,train
1849,249,0,train
1850,249,0,train
1851,249,0,train
1852,249,0,train
1853,249,0,train
1854,249,0,train
1855,249,0,train
1856,250,1,train
1857,250,1,train
1858,250,1,train
1859,251,0,train
1860,251,0,train
1861,251,0,train
1862,251,1,train
1863,251,1,train
1864,251,1,train
1865,251,0,train
1866,251,0,train
1867,252,0,train
1868,252,0,train
1869,252,0,train
1870,252,0,train
1871,252,0,train
1872,252,0,train
1873,252,0,train
1874,253,0,train
1875,253,0,train
1876,253,0,train
1877,253,0,train
1878,253,0,train
1879,253,0,train
1880,253,0,train
1881,254,1,train
1882,254,1,train
1883,254,1,train
1884,255,0,train
1885,255,1,train
1886,255,0,train
1887,255,1,train
1888,255,1,train
1889,255,1,train
1890,255,1,train
1891,255,1,train
1892,256,0,val
1893,256,0,val
1894,256,0,val
1895,256,0,val
1896,256,0,val
1897,256,0,val
1898,256,0,val
1899,256,0,val
1900,256,0,val
1901,256,0,val
1902,256,0,val
1903,256,0,val
1904,256,0,val
1905,257,0,val
1906,257,0,val
1907,257,0,val
1908,257,0,val
1909,258,1,val
1910,258,1,val
1911,258,1,val
1912,259,0,test
1913,259,0,test
1914,259,0,test
1915,259,1,test
1916,259,0,test
1917,259,0,test
1918,259,0,test
1919,259,0,test
1920,259,0,test
1921,259,0,test
1922,259,0,test
1923,259,0,test
1924,259,0,test
1925,259,0,test
1926,260,0,test
1927,260,0,test
1928,260,0,test
1929,260,0,test
1930,260,0,test
1931,261,1,test
1932,261,1,test
1933,261,1,test
1934,261,0,test
1935,261,0,test
1936,261,0,test
1937,261,0,test
1938,261,0,test
1939,261,1,test
1940,261,1,test
1941,262,1,train
1942,262,0,train
1943,262,0,train
1944,262,1,train
1945,262,1,train
1946,262,1,train
1947,262,1,train
1948,262,1,train
1949,262,0,train
1950,263,0,train
1951,263,0,train
1952,263,0,train
1953,263,1,train
1954,263,1,train
1955,263,0,train
1956,263,0,train
1957,263,0,train
1958,263,0,train
1959,263,0,train
1960,263,0,train
1961,264,0,train
1962,264,0,train
1963,265,1,train
1964,265,1,train
1965,265,1,train
1966,265,1,train
1967,265,0,train
1968,265,0,train
1969,265,0,train
1970,265,0,train
1971,265,0,train
1972,265,0,train
1973,265,0,train
1974,265,1,train
1975,265,0,train
1976,266,0,train
1977,266,0,train
1978,266,0,train
1979,266,0,train
1980,266,0,train
1981,266,0,train
1982,266,0,train
1983,266,0,train
1984,266,0,train
1985,266,0,train
1986,266,0,train
1987,266,0,train
1988,266,0,train
1989,266,0,train
1990,266,0,train
1991,266,0,train
1992,266,0,train
1993,266,0,train
1994,267,0,train
1995,267,0,train
1996,267,0,train
1997,267,0,train
1998,267,0,train
1999,267,0,train
2000,267,0,train
2001,267,0,train
2002,267,0,train
2003,267,0,train
2004,267,0,train
2005,267,0,train
2006,267,0,train
2007,267,0,train
2008,267,0,train
2009,267,0,train
2010,267,0,train
2011,268,0,train
2012,269,0,train
2013,269,0,train
2014,269,0,train
2015,269,0,train
2016,269,0,train
2017,269,0,train
2018,270,0,train
2019,270,0,train
2020,270,0,train
2021,270,1,train
2022,270,0,train
2023,270,0,train
2024,270,0,train
2025,270,0,train
2026,270,0,train
2027,270,0,train
2028,270,0,train
2029,270,0,train
2030,270,0,train
2031,271,0,train
2032,271,0,train
2033,272,1,train
2034,272,1,train
2035,272,1,train
2036,272,1,train
2037,272,0,train
2038,273,0,train
2039,273,0,train
2040,273,0,train
2041,273,0,train
2042,273,0,train
2043,273,0,train
2044,273,0,train
2045,273,0,train
2046,273,0,train
2047,273,0,train
2048,273,0,train
2049,273,0,train
2050,273,0,train
2051,274,0,train
2052,274,0,train
2053,274,0,train
2054,275,0,train
2055,275,0,train
2056,275,0,train
2057,275,1,train
2058,275,1,train
2059,275,1,train
2060,275,1,train
2061,275,1,train
2062,276,0,train
2063,276,0,train
2064,276,0,train
2065,276,1,train
2066,276,1,train
2067,276,1,train
2068,276,1,train
2069,276,1,train
2070,276,1,train
2071,277,1,train
2072,277,1,train
2073,277,1,train
2074,277,1,train
2075,277,1,train
2076,277,1,train
2077,277,1,train
2078,277,1,train
2079,277,1,train
2080,277,1,train
2081,277,1,train
2082,277,1,train
2083,278,1,train
2084,278,1,train
2085,278,1,train
2086,278,1,train
2087,279,1,train
2088,279,1,train
2089,279,1,train
2090,279,1,train
2091,279,1,train
2092,279,1,train
2093,279,1,train
2094,279,1,train
2095,280,0,test
2096,280,0,test
2097,280,1,test
2098,280,0,test
2099,280,0,test
2100,280,0,test
2101,280,0,test
2102,280,0,test
2103,280,0,test
2104,280,0,test
2105,281,0,test
2106,281,0,test
2107,281,0,test
2108,281,0,test
2109,281,0,test
2110,281,0,test
2111,281,0,test
2112,281,0,test
2113,281,0,test
2114,281,0,test
2115,281,0,test
2116,281,0,test
2117,281,0,test
2118,281,0,test
2119,281,0,test
2120,282,0,test
2121,282,0,test
2122,282,1,test
2123,282,0,test
2124,283,0,test
2125,283,0,test
2126,283,0,test
2127,283,0,test
2128,283,0,test
2129,284,0,test
2130,284,0,test
2131,284,0,test
2132,284,0,test
2133,284,0,test
2134,284,0,test
2135,284,0,test
2136,284,0,test
2137,285,0,test
2138,285,0,test
2139,285,0,test
2140,285,0,test
2141,285,0,test
2142,285,0,test
2143,285,0,test
2144,285,0,test
2145,285,0,test
2146,285,0,test
2147,285,0,test
2148,285,0,test
2149,286,0,test
2150,286,0,test
2151,287,0,test
2152,287,0,test
2153,287,0,test
2154,287,0,test
2155,287,0,test
2156,288,0,train
2157,288,0,train
2158,288,0,train
2159,288,0,train
2160,288,0,train
2161,288,0,train
2162,288,0,train
2163,288,0,train
2164,288,0,train
2165,288,0,train
2166,288,0,train
2167,288,1,train
2168,289,1,train
2169,289,0,train
2170,289,0,train
2171,289,0,train
2172,290,0,train
2173,290,0,train
2174,290,0,train
2175,290,0,train
2176,290,1,train
2177,290,1,train
2178,290,1,train
2179,290,1,train
2180,290,1,train
2181,291,0,train
2182,291,0,train
2183,291,0,train
2184,291,0,train
2185,291,0,train
2186,291,0,train
2187,291,1,train
2188,291,0,train
2189,291,0,train
2190,291,0,train
2191,291,0,train
2192,292,0,train
2193,292,0,train
2194,292,0,train
2195,292,0,train
2196,292,1,train
2197,292,1,train
2198,292,0,train
2199,292,0,train
2200,292,1,train
2201,292,1,train
2202,292,1,train
2203,292,0,train
2204,292,0,train
2205,292,0,train
2206,293,0,train
2207,293,0,train
2208,293,0,train
2209,293,0,train
2210,294,1,train
2211,294,1,train
2212,294,1,train
2213,294,1,train
2214,294,1,train
2215,294,1,train
2216,294,1,train
2217,294,1,train
2218,294,1,train
2219,294,1,train
2220,294,1,train
2221,294,1,train
2222,295,1,train
2223,295,1,train
2224,296,0,train
2225,296,0,train
2226,296,0,train
2227,296,0,train
2228,296,0,train
2229,296,0,train
2230,296,0,train
2231,296,0,train
2232,296,0,train
2233,296,0,train
2234,296,0,train
2235,296,0,train
2236,296,0,train
2237,296,0,train
2238,296,0,train
2239,297,0,train
2240,297,0,train
2241,297,0,train
2242,297,0,train
2243,297,0,train
2244,298,0,train
2245,298,1,train
2246,298,1,train
2247,298,1,train
2248,298,0,train
2249,298,0,train
2250,298,0,train
2251,298,0,train
2252,299,0,train
2253,299,0,train
2254,299,0,train
2255,299,0,train
2256,299,0,train
2257,299,0,train
2258,299,0,train
2259,299,0,train
2260,299,0,train
2261,299,0,train
2262,299,0,train
2263,299,0,train
2264,300,0,train
2265,300,0,train
2266,301,0,train
2267,301,0,train
2268,301,0,train
2269,301,0,train
2270,301,0,train
2271,301,1,train
2272,301,1,train
2273,301,1,train
2274,301,0,train
2275,301,0,train
2276,301,0,train
2277,301,0,train
2278,302,0,val
2279,302,0,val
2280,302,0,val
2281,302,0,val
2282,302,0,val
2283,302,0,val
2284,302,0,val
2285,303,0,val
2286,303,0,val
2287,303,0,val
2288,303,0,val
2289,303,0,val
2290,303,0,val
2291,303,0,val
2292,303,0,val
2293,303,0,val
2294,303,0,val
2295,304,0,val
2296,304,0,val
2297,305,0,val
2298,305,0,val
2299,305,0,val
2300,305,0,val
2301,305,1,val
2302,305,1,val
2303,305,1,val
2304,305,1,val
2305,306,0,train
2306,306,0,train
2307,306,0,train
2308,306,0,train
2309,306,0,train
2310,306,0,train
2311,306,0,train
2312,306,0,train
2313,306,0,train
2314,306,0,train
2315,306,0,train
2316,306,0,train
2317,306,0,train
2318,306,0,train
2319,307,0,train
2320,307,0,train
2321,307,1,train
2322,307,0,train
2323,307,0,train
2324,307,0,train
2325,307,0,train
2326,307,0,train
2327,307,0,train
2328,307,0,train
2329,307,0,train
2330,307,0,train
2331,308,0,train
2332,308,0,train
2333,308,0,train
2334,309,1,train
2335,309,1,train
2336,309,1,train
2337,309,1,train
2338,309,1,train
2339,309,1,train
2340,309,1,train
2341,309,1,train
2342,309,1,train
2343,310,0,test
2344,310,0,test
2345,310,0,test
2346,310,0,test
2347,310,0,test
2348,310,0,test
2349,310,0,test
2350,310,0,test
2351,310,0,test
2352,311,1,test
2353,311,1,test
2354,312,0,test
2355,312,0,test
2356,312,0,test
2357,312,0,test
2358,312,1,test
2359,312,1,test
2360,312,1,test
2361,312,1,test
2362,312,1,test
2363,312,0,test
2364,312,0,test
2365,312,0,test
2366,313,0,train
2367,313,0,train
2368,313,0,train
2369,313,0,train
2370,313,0,train
2371,313,0,train
2372,313,0,train
2373,313,0,train
2374,313,0,train
2375,313,0,train
2376,313,0,train
2377,313,0,train
2378,313,0,train
2379,314,0,train
2380,314,0,train
2381,314,0,train
2382,315,0,train
2383,315,0,train
2384,315,0,train
2385,315,0,train
2386,315,0,train
2387,315,0,train
2388,315,0,train
2389,315,0,train
2390,315,0,train
2391,315,0,train
2392,316,0,val
2393,316,0,val
2394,316,0,val
2395,316,0,val
2396,316,0,val
2397,316,0,val
2398,316,0,val
2399,317,0,val
2400,317,0,val
2401,317,1,val
2402,317,0,val
2403,317,0,val
2404,317,0,val
2405,317,0,val
2406,317,0,val
2407,317,0,val
2408,317,0,val
2409,317,0,val
2410,318,0,val
2411,318,0,val
2412,318,0,val
2413,318,0,val
2414,319,0,val
2415,319,0,val
2416,319,0,val
2417,319,0,val
2418,319,0,val
2419,319,0,val
2420,319,0,val
2421,319,0,val
2422,319,0,val
2423,319,0,val
2424,319,0,val
2425,319,0,val
2426,319,0,val
2427,319,0,val
2428,319,0,val
2429,320,0,train
2430,320,0,train
2431,320,0,train
2432,320,0,train
2433,320,0,train
2434,320,0,train
2435,320,0,train
2436,320,0,train
2437,320,0,train
2438,320,0,train
2439,320,0,train
2440,320,0,train
2441,320,0,train
2442,320,0,train
2443,320,0,train
2444,320,0,train
2445,320,0,train
2446,320,0,train
2447,320,0,train
2448,320,0,train
2449,320,0,train
2450,320,0,train
2451,320,0,train
2452,321,0,train
2453,321,0,train
2454,321,0,train
2455,321,0,train
2456,321,0,train
2457,321,0,train
2458,321,0,train
2459,321,0,train
2460,321,0,train
2461,321,0,train
2462,321,0,train
2463,321,0,train
2464,321,0,train
2465,321,0,train
2466,321,0,train
2467,321,0,train
2468,321,0,train
2469,321,0,train
2470,321,0,train
2471,321,0,train
2472,321,0,train
2473,321,0,train
2474,322,0,train
2475,322,0,train
2476,323,1,train
2477,323,1,train
2478,323,1,train
2479,323,1,train
2480,324,0,train
2481,324,0,train
2482,324,0,train
2483,324,0,train
2484,324,0,train
2485,324,0,train
2486,324,0,train
2487,324,1,train
2488,324,0,train
2489,324,0,train
2490,325,0,train
2491,325,0,train
2492,325,0,train
2493,325,0,train
2494,325,0,train
2495,325,0,train
2496,325,0,train
2497,325,0,train
2498,325,0,train
2499,325,0,train
2500,325,0,train
2501,325,0,train
2502,326,0,train
2503,326,0,train
2504,326,0,train
2505,326,0,train
2506,327,0,train
2507,327,0,train
2508,327,1,train
2509,327,1,train
2510,327,1,train
2511,327,1,train
2512,327,1,train
2513,327,0,train
2514,328,0,train
2515,328,0,train
2516,328,0,train
2517,328,0,train
2518,328,0,train
2519,328,0,train
2520,328,0,train
2521,329,1,train
2522,329,0,train
2523,329,0,train
2524,329,1,train
2525,329,1,train
2526,329,1,train
2527,329,1,train
2528,329,0,train
2529,329,0,train
2530,329,0,train
2531,329,0,train
2532,329,0,train
2533,330,0,train
2534,330,0,train
2535,330,0,train
2536,331,0,train
2537,331,1,train
2538,331,1,train
2539,331,1,train
2540,331,1,train
2541,331,1,train
2542,331,0,train
2543,332,0,test
2544,332,0,test
2545,332,0,test
2546,332,0,test
2547,332,0,test
2548,332,0,test
2549,332,0,test
2550,332,0,test
2551,332,0,test
2552,333,1,test
2553,333,1,test
2554,333,1,test
2555,333,1,test
2556,333,1,test
2557,333,1,test
2558,333,1,test
2559,333,1,test
2560,333,1,test
2561,333,1,test
2562,333,1,test
2563,333,1,test
2564,333,1,test
2565,334,0,test
2566,334,0,test
2567,334,0,test
2568,335,0,test
2569,335,0,test
2570,335,0,test
2571,335,0,test
2572,335,0,test
2573,335,0,test
2574,335,0,test
2575,335,1,test
2576,335,1,test
2577,336,0,train
2578,336,0,train
2579,336,0,train
2580,336,0,train
2581,336,0,train
2582,336,0,train
2583,336,0,train
2584,336,0,train
2585,336,0,train
2586,336,0,train
2587,336,0,train
2588,336,0,train
2589,337,0,train
2590,337,0,train
2591,337,0,train
2592,338,0,train
2593,338,0,train
2594,338,0,train
2595,338,1,train
2596,338,1,train
2597,338,1,train
2598,338,1,train
2599,339,0,train
2600,339,0,train
2601,339,0,train
2602,339,0,train
2603,339,0,train
2604,339,0,train
2605,339,0,train
2606,339,0,train
2607,339,0,train
2608,339,0,train
2609,339,0,train
2610,339,0,train
2611,339,0,train
2612,339,0,train
2613,339,0,train
2614,339,0,train
2615,339,0,train
2616,339,0,train
2617,339,0,train
2618,340,0,train
2619,340,0,train
2620,340,0,train
2621,340,0,train
2622,340,0,train
2623,340,0,train
2624,340,0,train
2625,340,1,train
2626,340,1,train
2627,340,1,train
2628,341,0,train
2629,341,0,train
2630,341,0,train
2631,342,0,train
2632,342,1,train
2633,342,1,train
2634,342,1,train
2635,342,1,train
2636,342,1,train
2637,343,0,train
2638,343,0,train
2639,343,0,train
2640,343,0,train
2641,343,0,train
2642,343,0,train
2643,343,0,train
2644,343,0,train
2645,343,0,train
2646,343,0,train
2647,343,0,train
2648,343,0,train
2649,344,0,train
2650,344,0,train
2651,344,0,train
2652,344,0,train
2653,344,0,train
2654,345,1,train
2655,345,1,train
2656,345,1,train
2657,345,1,train
2658,346,0,train
2659,346,0,train
2660,346,0,train
2661,346,0,train
2662,346,0,train
2663,346,0,train
2664,346,0,train
2665,346,0,train
2666,346,0,train
2667,346,0,train
2668,346,0,train
2669,346,0,train
2670,347,0,train
2671,348,1,train
2672,348,1,train
2673,348,1,train
2674,348,1,train
2675,348,1,train
2676,349,0,train
2677,349,0,train
2678,349,0,train
2679,349,0,train
2680,349,0,train
2681,349,0,train
2682,349,0,train
2683,349,0,train
2684,349,0,train
2685,349,0,train
2686,350,0,train
2687,350,0,train
2688,350,1,train
2689,350,1,train
2690,350,1,train
2691,350,1,train
2692,350,1,train
2693,350,0,train
2694,350,0,train
2695,350,0,train
2696,350,0,train
2697,350,0,train
2698,350,0,train
2699,350,0,train
2700,350,0,train
2701,351,1,train
2702,351,1,train
2703,351,1,train
2704,352,1,train
2705,352,1,train
2706,352,0,train
2707,352,1,train
2708,352,1,train
2709,352,1,train
2710,353,0,train
2711,353,0,train
2712,353,0,train
2713,353,0,train
2714,353,0,train
2715,353,0,train
2716,353,0,train
2717,354,0,train
2718,354,0,train
2719,354,1,train
2720,354,0,train
2721,354,1,train
2722,354,0,train
2723,354,1,train
2724,354,1,train
2725,354,1,train
2726,355,1,train
2727,355,0,train
2728,355,0,train
2729,356,0,train
2730,356,0,train
2731,356,0,train
2732,356,0,train
2733,356,0,train
2734,356,1,train
2735,356,0,train
2736,356,0,train
2737,356,1,train
2738,357,1,train
2739,357,1,train
2740,357,1,train
2741,357,1,train
2742,357,1,train
2743,357,1,train
2744,358,1,train
2745,358,0,train
2746,358,0,train
2747,358,0,train
2748,358,0,train
2749,358,0,train
2750,358,0,train
2751,358,0,train
2752,358,0,train
2753,359,0,train
2754,359,1,train
2755,360,0,train
2756,360,0,train
2757,360,0,train
2758,360,0,train
2759,360,0,train
2760,360,0,train
2761,360,0,train
2762,360,0,train
2763,361,0,train
2764,361,1,train
2765,361,1,train
2766,361,1,train
2767,361,1,train
2768,361,1,train
2769,361,0,train
2770,361,0,train
2771,361,0,train
2772,361,0,train
2773,361,0,train
2774,362,0,train
2775,362,0,train
2776,362,0,train
2777,362,0,train
2778,362,0,train
2779,362,0,train
2780,362,0,train
2781,362,0,train
2782,362,0,train
2783,362,0,train
2784,362,0,train
2785,362,0,train
2786,362,0,train
2787,363,0,train
2788,363,0,train
2789,364,1,train
2790,364,0,train
2791,364,0,train
2792,364,0,train
2793,364,0,train
2794,364,0,train
2795,364,0,train
2796,364,0,train
2797,364,0,train
2798,364,0,train
2799,364,0,train
2800,364,0,train
2801,364,0,train
2802,364,0,train
2803,364,0,train
2804,364,0,train
2805,365,0,train
2806,365,0,train
2807,365,0,train
2808,365,0,train
2809,365,0,train
2810,365,0,train
2811,366,0,train
2812,366,0,train
2813,366,0,train
2814,366,0,train
2815,366,0,train
2816,366,0,train
2817,366,0,train
2818,366,0,train
2819,366,0,train
2820,366,0,train
2821,366,0,train
2822,367,0,train
2823,367,0,train
2824,367,0,train
2825,367,0,train
2826,368,1,train
2827,368,1,train
2828,368,1,train
2829,368,1,train
2830,369,0,train
2831,369,0,train
2832,369,1,train
2833,369,1,train
2834,369,1,train
2835,369,0,train
2836,369,0,train
2837,369,0,train
2838,369,0,train
2839,369,0,train
2840,370,0,train
2841,370,0,train
2842,370,0,train
2843,371,1,train
2844,371,1,train
2845,371,1,train
2846,371,1,train
2847,371,1,train
