row_index,response_id,response_text_id,near_duplicate_group_id,label,split
0,0,0,31,0,val
1,0,0,31,0,val
2,0,0,31,0,val
3,0,0,31,0,val
4,0,0,31,0,val
5,0,0,31,0,val
6,0,0,31,0,val
7,0,0,31,0,val
8,0,0,31,0,val
9,0,0,31,0,val
10,1,1,31,0,val
11,1,1,31,0,val
12,1,1,31,0,val
13,1,1,31,0,val
14,1,1,31,1,val
15,1,1,31,1,val
16,1,1,31,0,val
17,1,1,31,0,val
18,2,2,31,1,val
19,2,2,31,0,val
20,3,3,31,0,val
21,3,3,31,0,val
22,3,3,31,0,val
23,3,3,31,0,val
24,3,3,31,0,val
25,3,3,31,0,val
26,3,3,31,0,val
27,3,3,31,0,val
28,3,3,31,0,val
29,3,3,31,0,val
30,4,4,0,1,train
31,4,4,0,1,train
32,5,5,0,0,train
33,5,5,0,0,train
34,5,5,0,0,train
35,5,5,0,0,train
36,5,5,0,0,train
37,5,5,0,0,train
38,5,5,0,0,train
39,5,5,0,0,train
40,5,5,0,0,train
41,5,5,0,0,train
42,5,5,0,0,train
43,5,5,0,0,train
44,5,5,0,0,train
45,5,5,0,0,train
46,6,6,0,0,train
47,6,6,0,0,train
48,6,6,0,1,train
49,6,6,0,0,train
50,7,7,0,0,train
51,7,7,0,0,train
52,7,7,0,0,train
53,7,7,0,0,train
54,7,7,0,0,train
55,7,7,0,1,train
56,7,7,0,0,train
57,7,7,0,0,train
58,8,8,24,0,test
59,8,8,24,0,test
60,8,8,24,1,test
61,8,8,24,0,test
62,8,8,24,0,test
63,8,8,24,0,test
64,8,8,24,0,test
65,9,9,24,0,test
66,9,9,24,0,test
67,9,9,24,0,test
68,9,9,24,0,test
69,9,9,24,0,test
70,9,9,24,0,test
71,9,9,24,0,test
72,9,9,24,0,test
73,9,9,24,0,test
74,9,9,24,0,test
75,9,9,24,0,test
76,10,10,24,0,test
77,10,10,24,0,test
78,10,10,24,0,test
79,10,10,24,0,test
80,11,11,24,0,test
81,11,11,24,0,test
82,11,11,24,1,test
83,12,12,25,0,train
84,12,12,25,0,train
85,12,12,25,0,train
86,12,12,25,0,train
87,12,12,25,0,train
88,12,12,25,0,train
89,13,13,25,0,train
90,13,13,25,0,train
91,13,13,25,0,train
92,13,13,25,0,train
93,13,13,25,0,train
94,13,13,25,0,train
95,13,13,25,0,train
96,13,13,25,0,train
97,13,13,25,0,train
98,14,14,25,0,train
99,15,15,25,0,train
100,15,15,25,0,train
101,15,15,25,0,train
102,15,15,25,0,train
103,15,15,25,0,train
104,15,15,25,0,train
105,16,16,9,0,val
106,16,16,9,0,val
107,16,16,9,0,val
108,16,16,9,0,val
109,16,16,9,0,val
110,16,16,9,0,val
111,16,16,9,0,val
112,17,17,9,0,val
113,17,17,9,0,val
114,17,17,9,0,val
115,17,17,9,0,val
116,17,17,9,0,val
117,17,17,9,0,val
118,17,17,9,0,val
119,17,17,9,1,val
120,17,17,9,0,val
121,17,17,9,0,val
122,17,17,9,0,val
123,17,17,9,0,val
124,17,17,9,0,val
125,18,18,9,0,val
126,18,18,9,0,val
127,18,18,9,0,val
128,19,19,9,0,val
129,19,19,9,0,val
130,19,19,9,0,val
131,19,19,9,0,val
132,19,19,9,0,val
133,19,19,9,0,val
134,20,20,13,0,test
135,20,20,13,0,test
136,20,20,13,0,test
137,20,20,13,0,test
138,20,20,13,1,test
139,20,20,13,1,test
140,20,20,13,1,test
141,20,20,13,0,test
142,20,20,13,0,test
143,21,21,13,0,test
144,21,21,13,0,test
145,21,21,13,0,test
146,21,21,13,0,test
147,21,21,13,0,test
148,21,21,13,0,test
149,21,21,13,0,test
150,21,21,13,0,test
151,21,21,13,0,test
152,21,21,13,0,test
153,21,21,13,0,test
154,22,22,13,1,test
155,23,23,13,0,test
156,23,23,13,0,test
157,23,23,13,0,test
158,23,23,13,0,test
159,23,23,13,0,test
160,23,23,13,0,test
161,23,23,13,0,test
162,24,4,0,1,train
163,24,4,0,0,train
164,25,24,0,0,train
165,25,24,0,0,train
166,25,24,0,0,train
167,25,24,0,0,train
168,25,24,0,0,train
169,25,24,0,0,train
170,25,24,0,0,train
171,25,24,0,0,train
172,25,24,0,0,train
173,25,24,0,0,train
174,25,24,0,0,train
175,25,24,0,0,train
176,25,24,0,0,train
177,26,25,0,0,train
178,26,25,0,0,train
179,26,25,0,0,train
180,26,25,0,0,train
181,26,25,0,0,train
182,27,26,0,1,train
183,27,26,0,1,train
184,27,26,0,0,train
185,27,26,0,0,train
186,27,26,0,0,train
187,27,26,0,0,train
188,27,26,0,0,train
189,27,26,0,0,train
190,27,26,0,0,train
191,27,26,0,0,train
192,27,26,0,0,train
193,27,26,0,0,train
194,27,26,0,1,train
195,27,26,0,1,train
196,27,26,0,1,train
197,28,27,0,0,train
198,28,27,0,0,train
199,28,27,0,0,train
200,28,27,0,0,train
201,28,27,0,0,train
202,28,27,0,0,train
203,28,27,0,0,train
204,28,27,0,0,train
205,28,27,0,0,train
206,28,27,0,0,train
207,29,28,0,0,train
208,29,28,0,0,train
209,29,28,0,0,train
210,29,28,0,0,train
211,29,28,0,0,train
212,29,28,0,0,train
213,29,28,0,0,train
214,29,28,0,0,train
215,29,28,0,0,train
216,29,28,0,0,train
217,29,28,0,0,train
218,29,28,0,0,train
219,29,28,0,0,train
220,29,28,0,0,train
221,29,28,0,0,train
222,30,29,0,1,train
223,31,30,0,1,train
224,31,30,0,1,train
225,31,30,0,1,train
226,31,30,0,1,train
227,32,31,0,0,train
228,32,31,0,0,train
229,32,31,0,0,train
230,32,31,0,0,train
231,32,31,0,0,train
232,32,31,0,0,train
233,32,31,0,0,train
234,32,31,0,0,train
235,32,31,0,0,train
236,32,31,0,0,train
237,32,31,0,0,train
238,32,31,0,0,train
239,32,31,0,0,train
240,33,32,0,0,train
241,33,32,0,0,train
242,33,32,0,0,train
243,33,32,0,0,train
244,33,32,0,0,train
245,33,32,0,0,train
246,33,32,0,1,train
247,33,32,0,0,train
248,33,32,0,0,train
249,33,32,0,0,train
250,33,32,0,0,train
251,34,33,0,0,train
252,34,33,0,0,train
253,34,33,0,0,train
254,34,33,0,0,train
255,35,34,0,0,train
256,35,34,0,0,train
257,35,34,0,1,train
258,35,34,0,0,train
259,35,34,0,1,train
260,36,35,12,0,val
261,36,35,12,0,val
262,36,35,12,1,val
263,36,35,12,0,val
264,36,35,12,0,val
265,36,35,12,0,val
266,36,35,12,0,val
267,37,36,12,0,val
268,37,36,12,0,val
269,37,36,12,1,val
270,37,36,12,0,val
271,37,36,12,0,val
272,37,36,12,0,val
273,37,36,12,0,val
274,37,36,12,0,val
275,37,36,12,0,val
276,38,37,12,1,val
277,38,37,12,0,val
278,38,37,12,0,val
279,38,37,12,0,val
280,39,38,12,1,val
281,39,38,12,1,val
282,39,38,12,0,val
283,39,38,12,0,val
284,39,38,12,0,val
285,39,38,12,0,val
286,39,38,12,1,val
287,39,38,12,0,val
288,40,39,0,0,train
289,40,39,0,0,train
290,40,39,0,0,train
291,40,39,0,0,train
292,40,39,0,0,train
293,40,39,0,0,train
294,40,39,0,0,train
295,40,39,0,0,train
296,40,39,0,0,train
297,40,39,0,0,train
298,40,39,0,0,train
299,41,40,0,0,train
300,41,40,0,0,train
301,41,40,0,0,train
302,41,40,0,0,train
303,41,40,0,0,train
304,41,40,0,0,train
305,41,40,0,0,train
306,41,40,0,0,train
307,41,40,0,0,train
308,41,40,0,0,train
309,41,40,0,0,train
310,42,41,0,0,train
311,42,41,0,0,train
312,42,41,0,0,train
313,42,41,0,0,train
314,42,41,0,0,train
315,43,42,0,0,train
316,43,42,0,0,train
317,43,42,0,0,train
318,43,42,0,1,train
319,43,42,0,1,train
320,43,42,0,0,train
321,43,42,0,0,train
322,43,42,0,0,train
323,44,43,0,0,train
324,44,43,0,0,train
325,44,43,0,1,train
326,44,43,0,1,train
327,44,43,0,1,train
328,44,43,0,0,train
329,44,43,0,0,train
330,44,43,0,0,train
331,44,43,0,0,train
332,44,43,0,0,train
333,44,43,0,0,train
334,45,44,0,0,train
335,45,44,0,0,train
336,45,44,0,0,train
337,45,44,0,0,train
338,45,44,0,0,train
339,45,44,0,0,train
340,45,44,0,0,train
341,45,44,0,0,train
342,45,44,0,0,train
343,45,44,0,0,train
344,45,44,0,0,train
345,46,45,0,0,train
346,46,45,0,1,train
347,46,45,0,0,train
348,46,45,0,0,train
349,46,45,0,0,train
350,46,45,0,1,train
351,47,46,0,0,train
352,47,46,0,0,train
353,47,46,0,0,train
354,47,46,0,0,train
355,47,46,0,0,train
356,47,46,0,0,train
357,48,47,27,0,train
358,48,47,27,0,train
359,48,47,27,0,train
360,48,47,27,0,train
361,48,47,27,0,train
362,48,47,27,1,train
363,49,48,27,0,train
364,49,48,27,0,train
365,49,48,27,0,train
366,49,48,27,0,train
367,49,48,27,0,train
368,49,48,27,0,train
369,49,48,27,0,train
370,50,49,27,0,train
371,50,49,27,1,train
372,51,50,27,0,train
373,51,50,27,0,train
374,51,50,27,0,train
375,51,50,27,1,train
376,51,50,27,0,train
377,51,50,27,0,train
378,52,51,0,0,train
379,52,51,0,0,train
380,52,51,0,0,train
381,52,51,0,0,train
382,52,51,0,0,train
383,52,51,0,0,train
384,52,51,0,0,train
385,52,51,0,0,train
386,52,51,0,0,train
387,52,51,0,0,train
388,52,51,0,0,train
389,52,51,0,0,train
390,52,51,0,0,train
391,52,51,0,0,train
392,52,51,0,0,train
393,52,51,0,0,train
394,52,51,0,0,train
395,52,51,0,0,train
396,52,51,0,0,train
397,52,51,0,0,train
398,53,52,0,0,train
399,53,52,0,0,train
400,53,52,0,0,train
401,53,52,0,0,train
402,53,52,0,0,train
403,53,52,0,0,train
404,53,52,0,0,train
405,53,52,0,0,train
406,53,52,0,0,train
407,53,52,0,0,train
408,53,52,0,0,train
409,54,53,0,0,train
410,54,53,0,0,train
411,55,54,0,0,train
412,55,54,0,0,train
413,55,54,0,1,train
414,55,54,0,0,train
415,56,55,3,0,val
416,56,55,3,0,val
417,56,55,3,0,val
418,56,55,3,0,val
419,56,55,3,0,val
420,56,55,3,0,val
421,56,55,3,0,val
422,57,56,3,0,val
423,57,56,3,0,val
424,57,56,3,0,val
425,57,56,3,0,val
426,57,56,3,0,val
427,57,56,3,0,val
428,57,56,3,0,val
429,57,56,3,0,val
430,57,56,3,0,val
431,57,56,3,0,val
432,57,56,3,0,val
433,57,56,3,0,val
434,57,56,3,0,val
435,57,56,3,0,val
436,58,57,3,1,val
437,58,57,3,0,val
438,58,57,3,0,val
439,59,58,3,1,val
440,59,58,3,1,val
441,59,58,3,1,val
442,59,58,3,1,val
443,59,58,3,1,val
444,59,58,3,1,val
445,59,58,3,1,val
446,59,58,3,1,val
447,60,4,0,0,train
448,60,4,0,0,train
449,61,59,0,0,train
450,61,59,0,0,train
451,61,59,0,1,train
452,61,59,0,0,train
453,61,59,0,0,train
454,61,59,0,0,train
455,61,59,0,0,train
456,61,59,0,0,train
457,61,59,0,0,train
458,61,59,0,0,train
459,61,59,0,0,train
460,61,59,0,0,train
461,61,59,0,0,train
462,62,60,0,0,train
463,62,60,0,0,train
464,63,61,0,1,train
465,63,61,0,1,train
466,63,61,0,0,train
467,63,61,0,0,train
468,64,4,0,0,train
469,64,4,0,0,train
470,65,62,0,0,train
471,65,62,0,0,train
472,65,62,0,0,train
473,65,62,0,0,train
474,65,62,0,0,train
475,65,62,0,0,train
476,65,62,0,0,train
477,65,62,0,0,train
478,65,62,0,0,train
479,65,62,0,0,train
480,66,63,0,1,train
481,66,63,0,0,train
482,67,64,0,0,train
483,67,64,0,0,train
484,67,64,0,1,train
485,67,64,0,1,train
486,67,64,0,1,train
487,67,64,0,1,train
488,68,65,32,0,val
489,68,65,32,0,val
490,68,65,32,0,val
491,68,65,32,0,val
492,68,65,32,0,val
493,68,65,32,0,val
494,68,65,32,0,val
495,69,66,32,0,val
496,69,66,32,0,val
497,69,66,32,0,val
498,69,66,32,0,val
499,69,66,32,0,val
500,69,66,32,0,val
501,69,66,32,0,val
502,69,66,32,0,val
503,69,66,32,0,val
504,69,66,32,0,val
505,69,66,32,0,val
506,70,67,32,0,val
507,70,67,32,0,val
508,70,67,32,1,val
509,71,68,32,1,val
510,71,68,32,1,val
511,71,68,32,0,val
512,71,68,32,0,val
513,71,68,32,0,val
514,71,68,32,1,val
515,71,68,32,0,val
516,72,69,22,0,train
517,72,69,22,0,train
518,72,69,22,0,train
519,72,69,22,0,train
520,72,69,22,0,train
521,72,69,22,0,train
522,73,70,22,0,train
523,73,70,22,0,train
524,73,70,22,0,train
525,73,70,22,0,train
526,73,70,22,0,train
527,73,70,22,0,train
528,73,70,22,0,train
529,73,70,22,0,train
530,74,71,22,0,train
531,75,72,22,0,train
532,75,72,22,0,train
533,75,72,22,1,train
534,76,73,0,0,train
535,76,73,0,0,train
536,76,73,0,0,train
537,76,73,0,0,train
538,76,73,0,0,train
539,76,73,0,0,train
540,76,73,0,0,train
541,77,74,0,0,train
542,77,74,0,0,train
543,77,74,0,0,train
544,77,74,0,0,train
545,77,74,0,0,train
546,77,74,0,0,train
547,77,74,0,0,train
548,77,74,0,0,train
549,77,74,0,0,train
550,77,74,0,0,train
551,77,74,0,0,train
552,78,75,0,0,train
553,78,75,0,0,train
554,78,75,0,0,train
555,78,75,0,0,train
556,78,75,0,0,train
557,78,75,0,1,train
558,79,76,0,0,train
559,79,76,0,0,train
560,79,76,0,0,train
561,79,76,0,0,train
562,79,76,0,0,train
563,79,76,0,0,train
564,79,76,0,1,train
565,79,76,0,1,train
566,79,76,0,0,train
567,79,76,0,1,train
568,79,76,0,0,train
569,80,77,18,0,val
570,80,77,18,0,val
571,80,77,18,0,val
572,80,77,18,0,val
573,80,77,18,0,val
574,80,77,18,0,val
575,81,78,18,0,val
576,81,78,18,0,val
577,81,78,18,0,val
578,81,78,18,0,val
579,81,78,18,0,val
580,81,78,18,0,val
581,81,78,18,0,val
582,81,78,18,0,val
583,81,78,18,0,val
584,82,79,18,0,val
585,82,79,18,0,val
586,83,80,18,1,val
587,83,80,18,1,val
588,83,80,18,0,val
589,83,80,18,0,val
590,83,80,18,0,val
591,83,80,18,1,val
592,84,81,21,0,test
593,84,81,21,0,test
594,84,81,21,0,test
595,84,81,21,0,test
596,84,81,21,0,test
597,84,81,21,0,test
598,84,81,21,0,test
599,84,81,21,0,test
600,84,81,21,0,test
601,84,81,21,0,test
602,84,81,21,0,test
603,85,82,21,0,test
604,85,82,21,0,test
605,85,82,21,1,test
606,85,82,21,0,test
607,85,82,21,0,test
608,85,82,21,0,test
609,85,82,21,0,test
610,85,82,21,0,test
611,85,82,21,0,test
612,85,82,21,0,test
613,85,82,21,0,test
614,85,82,21,0,test
615,85,82,21,0,test
616,86,83,21,0,test
617,86,83,21,0,test
618,86,83,21,0,test
619,86,83,21,0,test
620,87,84,21,1,test
621,87,84,21,1,test
622,87,84,21,0,test
623,87,84,21,0,test
624,87,84,21,0,test
625,87,84,21,0,test
626,87,84,21,0,test
627,87,84,21,0,test
628,87,84,21,0,test
629,88,85,0,0,train
630,88,85,0,0,train
631,88,85,0,0,train
632,88,85,0,0,train
633,88,85,0,0,train
634,88,85,0,0,train
635,88,85,0,0,train
636,88,85,0,0,train
637,88,85,0,0,train
638,88,85,0,0,train
639,88,85,0,0,train
640,88,85,0,0,train
641,88,85,0,0,train
642,88,85,0,0,train
643,88,85,0,0,train
644,88,85,0,0,train
645,88,85,0,0,train
646,88,85,0,0,train
647,88,85,0,0,train
648,88,85,0,0,train
649,89,86,0,0,train
650,89,86,0,0,train
651,89,86,0,0,train
652,89,86,0,0,train
653,89,86,0,0,train
654,89,86,0,0,train
655,89,86,0,0,train
656,89,86,0,0,train
657,89,86,0,0,train
658,90,87,0,0,train
659,90,87,0,0,train
660,90,87,0,0,train
661,90,87,0,1,train
662,90,87,0,0,train
663,91,88,0,0,train
664,91,88,0,0,train
665,91,88,0,0,train
666,91,88,0,0,train
667,91,88,0,0,train
668,91,88,0,0,train
669,91,88,0,0,train
670,91,88,0,0,train
671,91,88,0,0,train
672,91,88,0,0,train
673,91,88,0,0,train
674,91,88,0,0,train
675,91,88,0,0,train
676,91,88,0,0,train
677,91,88,0,0,train
678,91,88,0,1,train
679,91,88,0,1,train
680,91,88,0,0,train
681,91,88,0,0,train
682,91,88,0,1,train
683,91,88,0,0,train
684,92,89,0,0,train
685,92,89,0,0,train
686,92,89,0,0,train
687,92,89,0,0,train
688,92,89,0,0,train
689,92,89,0,0,train
690,92,89,0,0,train
691,93,90,0,0,train
692,93,90,0,0,train
693,93,90,0,0,train
694,93,90,0,0,train
695,93,90,0,0,train
696,93,90,0,0,train
697,93,90,0,0,train
698,93,90,0,0,train
699,93,90,0,0,train
700,93,90,0,0,train
701,93,90,0,0,train
702,93,90,0,0,train
703,93,90,0,0,train
704,93,90,0,0,train
705,94,91,0,0,train
706,94,91,0,0,train
707,94,91,0,0,train
708,94,91,0,0,train
709,95,92,0,0,train
710,95,92,0,0,train
711,95,92,0,0,train
712,95,92,0,1,train
713,95,92,0,0,train
714,95,92,0,0,train
715,95,92,0,0,train
716,95,92,0,0,train
717,95,92,0,0,train
718,95,92,0,0,train
719,96,4,0,1,train
720,96,4,0,1,train
721,97,93,0,0,train
722,97,93,0,0,train
723,97,93,0,0,train
724,97,93,0,0,train
725,97,93,0,0,train
726,97,93,0,0,train
727,97,93,0,0,train
728,97,93,0,0,train
729,97,93,0,0,train
730,97,93,0,0,train
731,97,93,0,0,train
732,97,93,0,0,train
733,97,93,0,0,train
734,97,93,0,0,train
735,98,94,0,0,train
736,98,94,0,0,train
737,98,94,0,0,train
738,98,94,0,0,train
739,98,94,0,0,train
740,99,95,0,0,train
741,99,95,0,1,train
742,99,95,0,0,train
743,99,95,0,0,train
744,99,95,0,0,train
745,100,96,8,0,test
746,100,96,8,0,test
747,100,96,8,0,test
748,100,96,8,0,test
749,100,96,8,0,test
750,100,96,8,1,test
751,101,97,8,0,test
752,101,97,8,0,test
753,101,97,8,0,test
754,101,97,8,0,test
755,101,97,8,0,test
756,101,97,8,0,test
757,101,97,8,0,test
758,101,97,8,0,test
759,101,97,8,0,test
760,101,97,8,1,test
761,101,97,8,0,test
762,102,98,8,1,test
763,103,99,8,0,test
764,103,99,8,0,test
765,103,99,8,0,test
766,103,99,8,0,test
767,103,99,8,0,test
768,104,100,0,0,train
769,104,100,0,0,train
770,104,100,0,0,train
771,104,100,0,0,train
772,104,100,0,0,train
773,104,100,0,0,train
774,104,100,0,0,train
775,104,100,0,0,train
776,105,101,0,0,train
777,105,101,0,0,train
778,105,101,0,0,train
779,105,101,0,0,train
780,105,101,0,0,train
781,105,101,0,0,train
782,105,101,0,0,train
783,105,101,0,0,train
784,105,101,0,0,train
785,105,101,0,0,train
786,106,102,0,0,train
787,106,102,0,0,train
788,107,103,0,0,train
789,107,103,0,1,train
790,107,103,0,0,train
791,107,103,0,0,train
792,107,103,0,1,train
793,107,103,0,1,train
794,108,104,0,0,train
795,108,104,0,0,train
796,109,105,0,0,train
797,109,105,0,0,train
798,109,105,0,0,train
799,109,105,0,0,train
800,109,105,0,0,train
801,109,105,0,0,train
802,109,105,0,0,train
803,109,105,0,0,train
804,109,105,0,0,train
805,109,105,0,0,train
806,109,105,0,0,train
807,109,105,0,0,train
808,110,106,0,0,train
809,110,106,0,0,train
810,110,106,0,0,train
811,110,106,0,0,train
812,111,107,0,1,train
813,111,107,0,0,train
814,111,107,0,0,train
815,111,107,0,0,train
816,112,108,5,0,test
817,112,108,5,0,test
818,112,108,5,1,test
819,112,108,5,0,test
820,112,108,5,1,test
821,113,109,5,1,test
822,113,109,5,0,test
823,113,109,5,0,test
824,113,109,5,0,test
825,113,109,5,1,test
826,113,109,5,0,test
827,113,109,5,0,test
828,113,109,5,0,test
829,114,110,5,1,test
830,114,110,5,0,test
831,115,111,5,0,test
832,115,111,5,0,test
833,115,111,5,0,test
834,115,111,5,1,test
835,115,111,5,1,test
836,115,111,5,1,test
837,115,111,5,1,test
838,115,111,5,1,test
839,115,111,5,1,test
840,116,112,0,1,train
841,116,112,0,0,train
842,117,113,0,0,train
843,117,113,0,0,train
844,117,113,0,0,train
845,117,113,0,0,train
846,117,113,0,0,train
847,117,113,0,0,train
848,117,113,0,0,train
849,117,113,0,0,train
850,117,113,0,0,train
851,117,113,0,0,train
852,117,113,0,0,train
853,117,113,0,0,train
854,118,114,0,0,train
855,118,114,0,1,train
856,119,115,0,0,train
857,119,115,0,0,train
858,119,115,0,1,train
859,119,115,0,1,train
860,119,115,0,1,train
861,119,115,0,1,train
862,119,115,0,1,train
863,119,115,0,0,train
864,119,115,0,0,train
865,119,115,0,0,train
866,119,115,0,0,train
867,119,115,0,0,train
868,119,115,0,0,train
869,119,115,0,0,train
870,119,115,0,0,train
871,119,115,0,0,train
872,120,116,0,1,train
873,120,116,0,1,train
874,121,117,0,0,train
875,121,117,0,0,train
876,121,117,0,0,train
877,121,117,0,0,train
878,121,117,0,0,train
879,121,117,0,0,train
880,121,117,0,0,train
881,121,117,0,0,train
882,121,117,0,0,train
883,122,118,0,0,train
884,122,118,0,1,train
885,122,118,0,0,train
886,123,119,0,0,train
887,123,119,0,0,train
888,123,119,0,0,train
889,123,119,0,0,train
890,123,119,0,0,train
891,123,119,0,1,train
892,123,119,0,0,train
893,123,119,0,0,train
894,123,119,0,0,train
895,123,119,0,0,train
896,123,119,0,0,train
897,124,4,0,0,train
898,124,4,0,1,train
899,125,120,0,0,train
900,125,120,0,0,train
901,125,120,0,0,train
902,125,120,0,0,train
903,125,120,0,0,train
904,125,120,0,0,train
905,125,120,0,0,train
906,125,120,0,0,train
907,125,120,0,0,train
908,125,120,0,0,train
909,125,120,0,0,train
910,125,120,0,0,train
911,126,121,0,0,train
912,126,121,0,0,train
913,126,121,0,0,train
914,127,122,0,0,train
915,127,122,0,1,train
916,127,122,0,0,train
917,128,123,0,0,train
918,128,123,0,0,train
919,128,123,0,0,train
920,128,123,0,0,train
921,128,123,0,0,train
922,128,123,0,0,train
923,128,123,0,0,train
924,129,124,0,0,train
925,129,124,0,0,train
926,129,124,0,0,train
927,129,124,0,1,train
928,129,124,0,1,train
929,129,124,0,1,train
930,129,124,0,0,train
931,129,124,0,0,train
932,129,124,0,0,train
933,129,124,0,0,train
934,129,124,0,0,train
935,130,125,0,0,train
936,130,125,0,1,train
937,130,125,0,0,train
938,131,126,0,0,train
939,131,126,0,0,train
940,131,126,0,0,train
941,131,126,0,1,train
942,131,126,0,1,train
943,131,126,0,0,train
944,131,126,0,1,train
945,131,126,0,1,train
946,132,127,33,0,val
947,132,127,33,0,val
948,132,127,33,0,val
949,132,127,33,0,val
950,132,127,33,0,val
951,132,127,33,0,val
952,132,127,33,0,val
953,132,127,33,0,val
954,132,127,33,0,val
955,132,127,33,0,val
956,133,128,33,0,val
957,133,128,33,0,val
958,133,128,33,0,val
959,133,128,33,0,val
960,133,128,33,0,val
961,133,128,33,0,val
962,133,128,33,0,val
963,133,128,33,0,val
964,133,128,33,0,val
965,133,128,33,0,val
966,134,129,33,0,val
967,135,130,33,1,val
968,135,130,33,1,val
969,135,130,33,1,val
970,135,130,33,1,val
971,135,130,33,1,val
972,135,130,33,1,val
973,135,130,33,1,val
974,136,131,0,0,train
975,136,131,0,0,train
976,136,131,0,0,train
977,136,131,0,0,train
978,136,131,0,0,train
979,136,131,0,0,train
980,136,131,0,0,train
981,137,132,0,0,train
982,137,132,0,0,train
983,137,132,0,0,train
984,137,132,0,0,train
985,137,132,0,0,train
986,137,132,0,0,train
987,137,132,0,0,train
988,137,132,0,0,train
989,137,132,0,0,train
990,137,132,0,0,train
991,138,133,0,1,train
992,138,133,0,0,train
993,139,134,0,0,train
994,139,134,0,1,train
995,139,134,0,0,train
996,139,134,0,0,train
997,139,134,0,0,train
998,140,135,6,0,val
999,140,135,6,0,val
1000,140,135,6,0,val
1001,140,135,6,0,val
1002,140,135,6,0,val
1003,140,135,6,0,val
1004,140,135,6,0,val
1005,141,136,6,1,val
1006,141,136,6,0,val
1007,141,136,6,0,val
1008,141,136,6,0,val
1009,141,136,6,0,val
1010,141,136,6,0,val
1011,141,136,6,0,val
1012,141,136,6,0,val
1013,141,136,6,0,val
1014,141,136,6,0,val
1015,141,136,6,0,val
1016,141,136,6,0,val
1017,141,136,6,0,val
1018,141,136,6,0,val
1019,142,137,6,1,val
1020,143,138,6,1,val
1021,143,138,6,1,val
1022,143,138,6,1,val
1023,143,138,6,0,val
1024,143,138,6,0,val
1025,143,138,6,0,val
1026,143,138,6,0,val
1027,143,138,6,0,val
1028,144,139,0,0,train
1029,144,139,0,0,train
1030,144,139,0,0,train
1031,144,139,0,0,train
1032,144,139,0,0,train
1033,144,139,0,0,train
1034,144,139,0,0,train
1035,144,139,0,0,train
1036,144,139,0,0,train
1037,144,139,0,0,train
1038,144,139,0,0,train
1039,145,140,0,0,train
1040,145,140,0,0,train
1041,145,140,0,0,train
1042,145,140,0,0,train
1043,145,140,0,0,train
1044,145,140,0,0,train
1045,145,140,0,0,train
1046,145,140,0,0,train
1047,145,140,0,0,train
1048,145,140,0,0,train
1049,146,141,0,0,train
1050,146,141,0,0,train
1051,146,141,0,0,train
1052,146,141,0,0,train
1053,146,141,0,0,train
1054,147,142,0,0,train
1055,147,142,0,0,train
1056,147,142,0,0,train
1057,147,142,0,1,train
1058,147,142,0,1,train
1059,147,142,0,1,train
1060,147,142,0,1,train
1061,147,142,0,0,train
1062,147,142,0,0,train
1063,147,142,0,0,train
1064,147,142,0,0,train
1065,148,143,0,0,train
1066,148,143,0,0,train
1067,149,144,0,0,train
1068,149,144,0,0,train
1069,149,144,0,0,train
1070,149,144,0,0,train
1071,149,144,0,1,train
1072,149,144,0,0,train
1073,149,144,0,0,train
1074,149,144,0,0,train
1075,149,144,0,0,train
1076,149,144,0,0,train
1077,150,145,0,0,train
1078,150,145,0,0,train
1079,150,145,0,0,train
1080,150,145,0,0,train
1081,150,145,0,0,train
1082,151,146,0,0,train
1083,151,146,0,0,train
1084,151,146,0,0,train
1085,151,146,0,0,train
1086,151,146,0,0,train
1087,151,146,0,0,train
1088,151,146,0,0,train
1089,151,146,0,0,train
1090,151,146,0,1,train
1091,151,146,0,1,train
1092,152,147,16,0,val
1093,152,147,16,0,val
1094,152,147,16,0,val
1095,152,147,16,0,val
1096,152,147,16,0,val
1097,152,147,16,0,val
1098,153,148,16,0,val
1099,153,148,16,0,val
1100,153,148,16,0,val
1101,153,148,16,0,val
1102,153,148,16,0,val
1103,153,148,16,0,val
1104,153,148,16,0,val
1105,153,148,16,0,val
1106,153,148,16,0,val
1107,154,149,16,1,val
1108,154,149,16,0,val
1109,155,150,16,0,val
1110,155,150,16,0,val
1111,155,150,16,0,val
1112,155,150,16,0,val
1113,155,150,16,0,val
1114,155,150,16,0,val
1115,155,150,16,0,val
1116,156,151,0,0,train
1117,156,151,0,0,train
1118,156,151,0,0,train
1119,156,151,0,0,train
1120,156,151,0,0,train
1121,156,151,0,0,train
1122,156,151,0,0,train
1123,156,151,0,0,train
1124,156,151,0,0,train
1125,157,152,0,0,train
1126,157,152,0,0,train
1127,157,152,0,0,train
1128,157,152,0,0,train
1129,157,152,0,0,train
1130,157,152,0,0,train
1131,157,152,0,0,train
1132,157,152,0,0,train
1133,157,152,0,0,train
1134,157,152,0,0,train
1135,158,153,0,0,train
1136,158,153,0,0,train
1137,159,154,0,0,train
1138,159,154,0,0,train
1139,159,154,0,0,train
1140,159,154,0,0,train
1141,159,154,0,0,train
1142,159,154,0,0,train
1143,160,155,0,0,train
1144,160,155,0,1,train
1145,160,155,0,0,train
1146,160,155,0,0,train
1147,160,155,0,0,train
1148,160,155,0,0,train
1149,161,156,0,0,train
1150,161,156,0,0,train
1151,161,156,0,0,train
1152,161,156,0,0,train
1153,161,156,0,0,train
1154,161,156,0,0,train
1155,161,156,0,0,train
1156,161,156,0,0,train
1157,161,156,0,0,train
1158,161,156,0,1,train
1159,162,157,0,0,train
1160,162,157,0,0,train
1161,163,158,0,0,train
1162,163,158,0,0,train
1163,163,158,0,1,train
1164,163,158,0,1,train
1165,164,116,0,1,train
1166,164,116,0,1,train
1167,165,159,0,0,train
1168,165,159,0,0,train
1169,165,159,0,0,train
1170,165,159,0,0,train
1171,165,159,0,0,train
1172,165,159,0,0,train
1173,165,159,0,0,train
1174,165,159,0,0,train
1175,165,159,0,0,train
1176,165,159,0,0,train
1177,165,159,0,0,train
1178,165,159,0,0,train
1179,165,159,0,0,train
1180,165,159,0,0,train
1181,165,159,0,0,train
1182,165,159,0,0,train
1183,165,159,0,0,train
1184,166,160,0,0,train
1185,166,160,0,0,train
1186,166,160,0,0,train
1187,167,161,0,0,train
1188,167,161,0,0,train
1189,167,161,0,0,train
1190,168,143,0,1,train
1191,168,143,0,0,train
1192,169,162,0,0,train
1193,169,162,0,0,train
1194,169,162,0,0,train
1195,169,162,0,0,train
1196,169,162,0,0,train
1197,169,162,0,0,train
1198,169,162,0,0,train
1199,169,162,0,0,train
1200,169,162,0,0,train
1201,169,162,0,0,train
1202,170,163,0,0,train
1203,170,163,0,1,train
1204,170,163,0,0,train
1205,170,163,0,1,train
1206,171,164,0,0,train
1207,171,164,0,0,train
1208,171,164,0,0,train
1209,171,164,0,0,train
1210,171,164,0,0,train
1211,171,164,0,0,train
1212,171,164,0,0,train
1213,171,164,0,0,train
1214,171,164,0,0,train
1215,171,164,0,0,train
1216,171,164,0,0,train
1217,171,164,0,0,train
1218,171,164,0,0,train
1219,172,4,0,1,train
1220,172,4,0,1,train
1221,173,165,0,0,train
1222,173,165,0,0,train
1223,173,165,0,0,train
1224,173,165,0,0,train
1225,173,165,0,0,train
1226,173,165,0,0,train
1227,173,165,0,0,train
1228,173,165,0,0,train
1229,173,165,0,0,train
1230,173,165,0,0,train
1231,174,166,0,0,train
1232,174,166,0,1,train
1233,174,166,0,0,train
1234,175,167,0,0,train
1235,175,167,0,0,train
1236,175,167,0,0,train
1237,175,167,0,0,train
1238,176,116,0,1,train
1239,176,116,0,1,train
1240,177,168,0,0,train
1241,177,168,0,0,train
1242,177,168,0,0,train
1243,177,168,0,0,train
1244,177,168,0,0,train
1245,177,168,0,0,train
1246,177,168,0,0,train
1247,177,168,0,0,train
1248,177,168,0,0,train
1249,177,168,0,0,train
1250,177,168,0,1,train
1251,177,168,0,0,train
1252,177,168,0,0,train
1253,178,169,0,0,train
1254,178,169,0,0,train
1255,178,169,0,0,train
1256,179,170,0,0,train
1257,179,170,0,0,train
1258,179,170,0,0,train
1259,179,170,0,0,train
1260,179,170,0,0,train
1261,179,170,0,1,train
1262,179,170,0,1,train
1263,179,170,0,0,train
1264,179,170,0,0,train
1265,179,170,0,0,train
1266,179,170,0,0,train
1267,180,171,28,0,test
1268,180,171,28,0,test
1269,180,171,28,0,test
1270,180,171,28,0,test
1271,180,171,28,0,test
1272,180,171,28,0,test
1273,180,171,28,0,test
1274,180,171,28,0,test
1275,181,172,28,0,test
1276,181,172,28,0,test
1277,181,172,28,0,test
1278,181,172,28,0,test
1279,181,172,28,0,test
1280,181,172,28,0,test
1281,181,172,28,0,test
1282,181,172,28,0,test
1283,181,172,28,0,test
1284,182,173,28,0,test
1285,182,173,28,0,test
1286,183,174,28,0,test
1287,183,174,28,0,test
1288,183,174,28,0,test
1289,183,174,28,0,test
1290,183,174,28,0,test
1291,183,174,28,0,test
1292,183,174,28,0,test
1293,183,174,28,0,test
1294,183,174,28,0,test
1295,183,174,28,0,test
1296,183,174,28,0,test
1297,183,174,28,0,test
1298,184,4,0,1,train
1299,184,4,0,0,train
1300,185,175,0,1,train
1301,185,175,0,0,train
1302,185,175,0,0,train
1303,185,175,0,0,train
1304,185,175,0,0,train
1305,185,175,0,0,train
1306,185,175,0,0,train
1307,185,175,0,0,train
1308,185,175,0,0,train
1309,185,175,0,0,train
1310,185,175,0,0,train
1311,185,175,0,0,train
1312,185,175,0,1,train
1313,186,176,0,0,train
1314,186,176,0,1,train
1315,187,177,0,0,train
1316,187,177,0,0,train
1317,187,177,0,1,train
1318,187,177,0,1,train
1319,187,177,0,1,train
1320,187,177,0,1,train
1321,187,177,0,1,train
1322,187,177,0,1,train
1323,187,177,0,1,train
1324,187,177,0,1,train
1325,187,177,0,1,train
1326,187,177,0,1,train
1327,187,177,0,0,train
1328,187,177,0,1,train
1329,188,178,20,0,val
1330,188,178,20,0,val
1331,188,178,20,0,val
1332,188,178,20,0,val
1333,188,178,20,0,val
1334,189,179,20,0,val
1335,189,179,20,0,val
1336,189,179,20,0,val
1337,189,179,20,1,val
1338,189,179,20,0,val
1339,189,179,20,0,val
1340,189,179,20,0,val
1341,189,179,20,0,val
1342,189,179,20,0,val
1343,189,179,20,0,val
1344,189,179,20,0,val
1345,189,179,20,0,val
1346,190,180,20,1,val
1347,190,180,20,1,val
1348,190,180,20,0,val
1349,191,181,20,0,val
1350,191,181,20,0,val
1351,191,181,20,0,val
1352,191,181,20,0,val
1353,191,181,20,1,val
1354,191,181,20,1,val
1355,192,116,0,0,train
1356,192,116,0,0,train
1357,193,182,0,0,train
1358,193,182,0,0,train
1359,193,182,0,0,train
1360,193,182,0,0,train
1361,193,182,0,0,train
1362,193,182,0,0,train
1363,193,182,0,0,train
1364,193,182,0,0,train
1365,193,182,0,0,train
1366,193,182,0,0,train
1367,193,182,0,0,train
1368,194,183,0,0,train
1369,194,183,0,0,train
1370,194,183,0,1,train
1371,194,183,0,0,train
1372,194,183,0,0,train
1373,195,184,0,1,train
1374,195,184,0,1,train
1375,195,184,0,0,train
1376,195,184,0,0,train
1377,196,185,0,0,train
1378,196,185,0,0,train
1379,196,185,0,0,train
1380,196,185,0,0,train
1381,196,185,0,0,train
1382,196,185,0,0,train
1383,197,186,0,0,train
1384,197,186,0,0,train
1385,197,186,0,0,train
1386,197,186,0,0,train
1387,197,186,0,0,train
1388,197,186,0,1,train
1389,197,186,0,1,train
1390,197,186,0,1,train
1391,197,186,0,1,train
1392,197,186,0,1,train
1393,198,187,0,0,train
1394,198,187,0,0,train
1395,198,187,0,0,train
1396,198,187,0,0,train
1397,198,187,0,0,train
1398,199,188,0,0,train
1399,199,188,0,1,train
1400,199,188,0,0,train
1401,199,188,0,0,train
1402,199,188,0,1,train
1403,199,188,0,0,train
1404,200,116,0,0,train
1405,200,116,0,0,train
1406,201,189,0,0,train
1407,201,189,0,0,train
1408,201,189,0,0,train
1409,201,189,0,0,train
1410,201,189,0,0,train
1411,201,189,0,0,train
1412,201,189,0,0,train
1413,201,189,0,0,train
1414,201,189,0,0,train
1415,201,189,0,0,train
1416,201,189,0,0,train
1417,202,190,0,0,train
1418,202,190,0,0,train
1419,202,190,0,0,train
1420,202,190,0,0,train
1421,203,191,0,1,train
1422,203,191,0,1,train
1423,203,191,0,1,train
1424,203,191,0,1,train
1425,203,191,0,1,train
1426,203,191,0,1,train
1427,203,191,0,1,train
1428,203,191,0,1,train
1429,203,191,0,1,train
1430,203,191,0,1,train
1431,203,191,0,1,train
1432,203,191,0,1,train
1433,203,191,0,1,train
1434,203,191,0,1,train
1435,203,191,0,1,train
1436,203,191,0,1,train
1437,204,192,29,1,train
1438,204,192,29,0,train
1439,204,192,29,0,train
1440,204,192,29,0,train
1441,204,192,29,0,train
1442,204,192,29,0,train
1443,205,193,29,0,train
1444,205,193,29,0,train
1445,205,193,29,0,train
1446,205,193,29,0,train
1447,205,193,29,0,train
1448,205,193,29,0,train
1449,206,194,29,0,train
1450,207,195,29,0,train
1451,207,195,29,1,train
1452,207,195,29,1,train
1453,207,195,29,1,train
1454,208,196,0,0,train
1455,208,196,0,0,train
1456,208,196,0,0,train
1457,208,196,0,0,train
1458,208,196,0,0,train
1459,208,196,0,0,train
1460,208,196,0,0,train
1461,209,197,0,0,train
1462,209,197,0,0,train
1463,209,197,0,0,train
1464,209,197,0,0,train
1465,209,197,0,0,train
1466,209,197,0,0,train
1467,209,197,0,0,train
1468,209,197,0,0,train
1469,209,197,0,0,train
1470,209,197,0,0,train
1471,209,197,0,0,train
1472,210,198,0,0,train
1473,210,198,0,0,train
1474,211,199,0,1,train
1475,211,199,0,1,train
1476,211,199,0,1,train
1477,211,199,0,0,train
1478,211,199,0,0,train
1479,211,199,0,0,train
1480,212,200,2,0,test
1481,212,200,2,0,test
1482,212,200,2,0,test
1483,212,200,2,0,test
1484,212,200,2,0,test
1485,212,200,2,0,test
1486,212,200,2,0,test
1487,213,201,2,0,test
1488,213,201,2,0,test
1489,213,201,2,0,test
1490,213,201,2,0,test
1491,213,201,2,0,test
1492,213,201,2,0,test
1493,213,201,2,0,test
1494,213,201,2,0,test
1495,213,201,2,0,test
1496,213,201,2,0,test
1497,213,201,2,0,test
1498,214,202,2,0,test
1499,214,202,2,0,test
1500,214,202,2,0,test
1501,215,203,2,1,test
1502,215,203,2,0,test
1503,215,203,2,0,test
1504,215,203,2,0,test
1505,216,204,0,0,train
1506,216,204,0,0,train
1507,216,204,0,0,train
1508,216,204,0,0,train
1509,216,204,0,0,train
1510,216,204,0,0,train
1511,216,204,0,0,train
1512,217,205,0,0,train
1513,217,205,0,0,train
1514,217,205,0,0,train
1515,217,205,0,0,train
1516,217,205,0,0,train
1517,217,205,0,0,train
1518,217,205,0,0,train
1519,217,205,0,0,train
1520,218,206,0,0,train
1521,219,207,0,0,train
1522,219,207,0,0,train
1523,219,207,0,0,train
1524,219,207,0,0,train
1525,219,207,0,0,train
1526,219,207,0,0,train
1527,219,207,0,0,train
1528,219,207,0,0,train
1529,219,207,0,0,train
1530,219,207,0,0,train
1531,220,116,0,0,train
1532,220,116,0,0,train
1533,221,208,0,0,train
1534,221,208,0,0,train
1535,221,208,0,0,train
1536,221,208,0,0,train
1537,221,208,0,0,train
1538,221,208,0,0,train
1539,221,208,0,0,train
1540,221,208,0,0,train
1541,221,208,0,0,train
1542,221,208,0,0,train
1543,221,208,0,0,train
1544,221,208,0,0,train
1545,221,208,0,0,train
1546,221,208,0,0,train
1547,221,208,0,0,train
1548,222,209,0,0,train
1549,222,209,0,0,train
1550,222,209,0,0,train
1551,223,210,0,1,train
1552,223,210,0,0,train
1553,223,210,0,0,train
1554,223,210,0,0,train
1555,223,210,0,0,train
1556,223,210,0,0,train
1557,223,210,0,0,train
1558,223,210,0,0,train
1559,223,210,0,0,train
1560,224,211,0,0,train
1561,224,211,0,0,train
1562,224,211,0,1,train
1563,224,211,0,1,train
1564,224,211,0,0,train
1565,224,211,0,0,train
1566,224,211,0,0,train
1567,224,211,0,0,train
1568,225,212,0,0,train
1569,225,212,0,0,train
1570,225,212,0,1,train
1571,225,212,0,1,train
1572,225,212,0,1,train
1573,225,212,0,0,train
1574,225,212,0,0,train
1575,225,212,0,0,train
1576,225,212,0,0,train
1577,225,212,0,0,train
1578,225,212,0,0,train
1579,225,212,0,0,train
1580,225,212,0,0,train
1581,225,212,0,0,train
1582,225,212,0,0,train
1583,226,213,0,0,train
1584,226,213,0,1,train
1585,226,213,0,0,train
1586,226,213,0,0,train
1587,226,213,0,0,train
1588,226,213,0,0,train
1589,227,214,0,0,train
1590,227,214,0,1,train
1591,227,214,0,1,train
1592,227,214,0,1,train
1593,227,214,0,1,train
1594,228,116,0,1,train
1595,228,116,0,0,train
1596,229,215,0,0,train
1597,229,215,0,0,train
1598,229,215,0,0,train
1599,229,215,0,0,train
1600,229,215,0,0,train
1601,229,215,0,0,train
1602,229,215,0,0,train
1603,229,215,0,0,train
1604,229,215,0,0,train
1605,229,215,0,0,train
1606,229,215,0,0,train
1607,229,215,0,1,train
1608,230,216,0,0,train
1609,230,216,0,0,train
1610,230,216,0,0,train
1611,230,216,0,0,train
1612,231,217,0,0,train
1613,231,217,0,1,train
1614,231,217,0,1,train
1615,231,217,0,0,train
1616,231,217,0,1,train
1617,232,218,10,0,test
1618,232,218,10,0,test
1619,232,218,10,0,test
1620,232,218,10,0,test
1621,232,218,10,0,test
1622,232,218,10,0,test
1623,232,218,10,0,test
1624,232,218,10,0,test
1625,232,218,10,0,test
1626,232,218,10,0,test
1627,232,218,10,0,test
1628,233,219,10,0,test
1629,233,219,10,0,test
1630,233,219,10,0,test
1631,233,219,10,0,test
1632,233,219,10,0,test
1633,233,219,10,0,test
1634,233,219,10,0,test
1635,233,219,10,0,test
1636,233,219,10,0,test
1637,233,219,10,0,test
1638,233,219,10,0,test
1639,233,219,10,0,test
1640,234,220,10,0,test
1641,234,220,10,0,test
1642,234,220,10,0,test
1643,234,220,10,0,test
1644,235,221,10,0,test
1645,235,221,10,1,test
1646,235,221,10,0,test
1647,235,221,10,1,test
1648,235,221,10,0,test
1649,235,221,10,0,test
1650,235,221,10,0,test
1651,235,221,10,0,test
1652,235,221,10,0,test
1653,235,221,10,0,test
1654,235,221,10,0,test
1655,235,221,10,0,test
1656,235,221,10,0,test
1657,235,221,10,0,test
1658,236,222,26,0,val
1659,236,222,26,0,val
1660,236,222,26,0,val
1661,236,222,26,0,val
1662,236,222,26,0,val
1663,236,222,26,0,val
1664,236,222,26,0,val
1665,236,222,26,0,val
1666,236,222,26,0,val
1667,236,222,26,0,val
1668,236,222,26,0,val
1669,236,222,26,0,val
1670,237,223,26,0,val
1671,237,223,26,0,val
1672,237,223,26,0,val
1673,237,223,26,0,val
1674,237,223,26,0,val
1675,237,223,26,0,val
1676,237,223,26,0,val
1677,237,223,26,0,val
1678,237,223,26,0,val
1679,237,223,26,0,val
1680,237,223,26,0,val
1681,237,223,26,0,val
1682,237,223,26,0,val
1683,237,223,26,0,val
1684,238,224,26,0,val
1685,238,224,26,0,val
1686,238,224,26,0,val
1687,238,224,26,0,val
1688,238,224,26,0,val
1689,238,224,26,0,val
1690,239,225,26,0,val
1691,239,225,26,0,val
1692,239,225,26,0,val
1693,239,225,26,0,val
1694,239,225,26,0,val
1695,239,225,26,0,val
1696,240,4,0,0,train
1697,240,4,0,1,train
1698,241,226,0,0,train
1699,241,226,0,0,train
1700,241,226,0,0,train
1701,241,226,0,0,train
1702,241,226,0,1,train
1703,241,226,0,0,train
1704,241,226,0,0,train
1705,241,226,0,0,train
1706,241,226,0,0,train
1707,241,226,0,0,train
1708,242,227,0,0,train
1709,242,227,0,0,train
1710,242,227,0,0,train
1711,242,227,0,1,train
1712,242,227,0,0,train
1713,242,227,0,0,train
1714,243,228,0,1,train
1715,243,228,0,1,train
1716,243,228,0,1,train
1717,243,228,0,1,train
1718,243,228,0,1,train
1719,243,228,0,1,train
1720,243,228,0,1,train
1721,243,228,0,1,train
1722,243,228,0,1,train
1723,243,228,0,1,train
1724,243,228,0,1,train
1725,243,228,0,1,train
1726,243,228,0,1,train
1727,243,228,0,1,train
1728,244,229,0,0,train
1729,244,229,0,0,train
1730,244,229,0,0,train
1731,244,229,0,0,train
1732,244,229,0,0,train
1733,244,229,0,0,train
1734,244,229,0,0,train
1735,244,229,0,0,train
1736,244,229,0,0,train
1737,244,229,0,0,train
1738,245,230,0,0,train
1739,245,230,0,0,train
1740,245,230,0,0,train
1741,245,230,0,0,train
1742,245,230,0,0,train
1743,245,230,0,0,train
1744,245,230,0,0,train
1745,245,230,0,0,train
1746,245,230,0,0,train
1747,245,230,0,0,train
1748,245,230,0,0,train
1749,245,230,0,0,train
1750,246,231,0,0,train
1751,246,231,0,1,train
1752,246,231,0,0,train
1753,246,231,0,0,train
1754,246,231,0,0,train
1755,246,231,0,0,train
1756,246,231,0,0,train
1757,247,232,0,1,train
1758,247,232,0,0,train
1759,247,232,0,0,train
1760,247,232,0,0,train
1761,247,232,0,0,train
1762,248,233,0,1,train
1763,248,233,0,1,train
1764,248,233,0,1,train
1765,248,233,0,1,train
1766,248,233,0,1,train
1767,248,233,0,1,train
1768,248,233,0,1,train
1769,248,233,0,1,train
1770,248,233,0,1,train
1771,248,233,0,1,train
1772,248,233,0,1,train
1773,248,233,0,1,train
1774,248,233,0,1,train
1775,249,234,0,0,train
1776,249,234,0,0,train
1777,249,234,0,0,train
1778,249,234,0,0,train
1779,249,234,0,0,train
1780,249,234,0,0,train
1781,249,234,0,0,train
1782,249,234,0,0,train
1783,249,234,0,0,train
1784,249,234,0,0,train
1785,249,234,0,0,train
1786,250,235,0,1,train
1787,250,235,0,1,train
1788,250,235,0,1,train
1789,251,236,0,1,train
1790,251,236,0,1,train
1791,251,236,0,1,train
1792,251,236,0,0,train
1793,251,236,0,0,train
1794,251,236,0,0,train
1795,251,236,0,0,train
1796,251,236,0,1,train
1797,252,4,0,1,train
1798,252,4,0,0,train
1799,253,237,0,0,train
1800,253,237,0,0,train
1801,253,237,0,0,train
1802,253,237,0,0,train
1803,253,237,0,0,train
1804,253,237,0,0,train
1805,253,237,0,0,train
1806,253,237,0,0,train
1807,253,237,0,0,train
1808,253,237,0,0,train
1809,254,238,0,0,train
1810,254,238,0,0,train
1811,255,239,0,0,train
1812,255,239,0,0,train
1813,255,239,0,1,train
1814,255,239,0,0,train
1815,255,239,0,0,train
1816,256,240,0,0,train
1817,256,240,0,0,train
1818,256,240,0,0,train
1819,256,240,0,0,train
1820,256,240,0,0,train
1821,256,240,0,0,train
1822,256,240,0,0,train
1823,256,240,0,0,train
1824,256,240,0,0,train
1825,256,240,0,0,train
1826,256,240,0,0,train
1827,257,241,0,0,train
1828,257,241,0,0,train
1829,257,241,0,0,train
1830,257,241,0,0,train
1831,257,241,0,0,train
1832,257,241,0,0,train
1833,257,241,0,0,train
1834,257,241,0,0,train
1835,257,241,0,0,train
1836,257,241,0,0,train
1837,257,241,0,0,train
1838,257,241,0,0,train
1839,258,242,0,0,train
1840,258,242,0,0,train
1841,258,242,0,0,train
1842,258,242,0,0,train
1843,259,243,0,1,train
1844,259,243,0,1,train
1845,259,243,0,0,train
1846,259,243,0,0,train
1847,259,243,0,1,train
1848,259,243,0,0,train
1849,259,243,0,0,train
1850,260,244,1,0,test
1851,260,244,1,0,test
1852,260,244,1,0,test
1853,260,244,1,0,test
1854,260,244,1,0,test
1855,260,244,1,0,test
1856,261,245,1,0,test
1857,261,245,1,0,test
1858,261,245,1,0,test
1859,261,245,1,0,test
1860,261,245,1,0,test
1861,261,245,1,0,test
1862,261,245,1,0,test
1863,261,245,1,0,test
1864,261,245,1,0,test
1865,261,245,1,0,test
1866,262,246,1,1,test
1867,262,246,1,1,test
1868,263,247,1,1,test
1869,263,247,1,1,test
1870,263,247,1,1,test
1871,263,247,1,0,test
1872,264,248,19,0,test
1873,264,248,19,0,test
1874,264,248,19,0,test
1875,264,248,19,0,test
1876,264,248,19,0,test
1877,264,248,19,0,test
1878,265,249,19,0,test
1879,265,249,19,0,test
1880,265,249,19,0,test
1881,265,249,19,0,test
1882,265,249,19,0,test
1883,265,249,19,0,test
1884,265,249,19,0,test
1885,265,249,19,0,test
1886,265,249,19,0,test
1887,265,249,19,0,test
1888,265,249,19,0,test
1889,265,249,19,0,test
1890,265,249,19,0,test
1891,266,250,19,1,test
1892,266,250,19,1,test
1893,266,250,19,1,test
1894,267,251,19,0,test
1895,267,251,19,0,test
1896,267,251,19,0,test
1897,267,251,19,1,test
1898,267,251,19,1,test
1899,267,251,19,1,test
1900,267,251,19,0,test
1901,267,251,19,0,test
1902,268,252,0,0,train
1903,268,252,0,0,train
1904,268,252,0,0,train
1905,268,252,0,0,train
1906,268,252,0,0,train
1907,268,252,0,0,train
1908,268,252,0,0,train
1909,269,253,0,0,train
1910,269,253,0,0,train
1911,269,253,0,0,train
1912,269,253,0,0,train
1913,269,253,0,0,train
1914,269,253,0,0,train
1915,269,253,0,0,train
1916,270,254,0,0,train
1917,270,254,0,1,train
1918,270,254,0,1,train
1919,271,255,0,0,train
1920,271,255,0,1,train
1921,271,255,0,0,train
1922,271,255,0,0,train
1923,271,255,0,0,train
1924,271,255,0,1,train
1925,271,255,0,0,train
1926,271,255,0,0,train
1927,272,4,0,1,train
1928,272,4,0,1,train
1929,273,256,0,0,train
1930,273,256,0,0,train
1931,273,256,0,0,train
1932,273,256,0,0,train
1933,273,256,0,0,train
1934,273,256,0,0,train
1935,273,256,0,0,train
1936,273,256,0,0,train
1937,273,256,0,0,train
1938,273,256,0,0,train
1939,273,256,0,0,train
1940,273,256,0,0,train
1941,273,256,0,0,train
1942,274,257,0,0,train
1943,274,257,0,0,train
1944,274,257,0,0,train
1945,274,257,0,0,train
1946,275,258,0,1,train
1947,275,258,0,0,train
1948,275,258,0,0,train
1949,276,4,0,1,train
1950,276,4,0,1,train
1951,277,259,0,0,train
1952,277,259,0,0,train
1953,277,259,0,0,train
1954,277,259,0,1,train
1955,277,259,0,0,train
1956,277,259,0,0,train
1957,277,259,0,0,train
1958,277,259,0,0,train
1959,277,259,0,0,train
1960,277,259,0,0,train
1961,277,259,0,0,train
1962,277,259,0,0,train
1963,277,259,0,0,train
1964,277,259,0,0,train
1965,278,260,0,0,train
1966,278,260,0,0,train
1967,278,260,0,0,train
1968,278,260,0,0,train
1969,278,260,0,0,train
1970,279,261,0,1,train
1971,279,261,0,0,train
1972,279,261,0,0,train
1973,279,261,0,0,train
1974,279,261,0,0,train
1975,279,261,0,0,train
1976,279,261,0,0,train
1977,279,261,0,0,train
1978,279,261,0,1,train
1979,279,261,0,1,train
1980,280,262,0,1,train
1981,280,262,0,0,train
1982,280,262,0,0,train
1983,280,262,0,0,train
1984,280,262,0,0,train
1985,280,262,0,1,train
1986,280,262,0,0,train
1987,280,262,0,0,train
1988,280,262,0,0,train
1989,281,263,0,0,train
1990,281,263,0,0,train
1991,281,263,0,0,train
1992,281,263,0,0,train
1993,281,263,0,1,train
1994,281,263,0,0,train
1995,281,263,0,0,train
1996,281,263,0,0,train
1997,281,263,0,0,train
1998,281,263,0,0,train
1999,281,263,0,0,train
2000,282,264,0,0,train
2001,282,264,0,0,train
2002,283,265,0,0,train
2003,283,265,0,1,train
2004,283,265,0,1,train
2005,283,265,0,0,train
2006,283,265,0,0,train
2007,283,265,0,0,train
2008,283,265,0,0,train
2009,283,265,0,0,train
2010,283,265,0,0,train
2011,283,265,0,0,train
2012,283,265,0,0,train
2013,283,265,0,1,train
2014,283,265,0,0,train
2015,284,266,0,0,train
2016,284,266,0,0,train
2017,284,266,0,0,train
2018,284,266,0,0,train
2019,284,266,0,0,train
2020,284,266,0,0,train
2021,284,266,0,0,train
2022,284,266,0,0,train
2023,284,266,0,0,train
2024,284,266,0,0,train
2025,284,266,0,0,train
2026,284,266,0,0,train
2027,284,266,0,0,train
2028,284,266,0,0,train
2029,284,266,0,0,train
2030,284,266,0,0,train
2031,284,266,0,0,train
2032,284,266,0,0,train
2033,285,267,0,0,train
2034,285,267,0,0,train
2035,285,267,0,0,train
2036,285,267,0,0,train
2037,285,267,0,0,train
2038,285,267,0,0,train
2039,285,267,0,0,train
2040,285,267,0,0,train
2041,285,267,0,0,train
2042,285,267,0,0,train
2043,285,267,0,0,train
2044,285,267,0,0,train
2045,285,267,0,0,train
2046,285,267,0,0,train
2047,285,267,0,0,train
2048,285,267,0,0,train
2049,285,267,0,0,train
2050,286,268,0,0,train
2051,287,269,0,0,train
2052,287,269,0,0,train
2053,287,269,0,0,train
2054,287,269,0,0,train
2055,287,269,0,0,train
2056,287,269,0,0,train
2057,288,4,0,1,train
2058,288,4,0,1,train
2059,289,270,0,0,train
2060,289,270,0,0,train
2061,289,270,0,0,train
2062,289,270,0,1,train
2063,289,270,0,0,train
2064,289,270,0,0,train
2065,289,270,0,0,train
2066,289,270,0,0,train
2067,289,270,0,0,train
2068,289,270,0,0,train
2069,289,270,0,0,train
2070,289,270,0,0,train
2071,289,270,0,0,train
2072,290,271,0,0,train
2073,290,271,0,0,train
2074,291,272,0,0,train
2075,291,272,0,1,train
2076,291,272,0,0,train
2077,291,272,0,0,train
2078,291,272,0,0,train
2079,292,4,0,1,train
2080,292,4,0,1,train
2081,293,273,0,0,train
2082,293,273,0,0,train
2083,293,273,0,0,train
2084,293,273,0,0,train
2085,293,273,0,0,train
2086,293,273,0,0,train
2087,293,273,0,0,train
2088,293,273,0,0,train
2089,293,273,0,0,train
2090,293,273,0,0,train
2091,293,273,0,0,train
2092,293,273,0,0,train
2093,293,273,0,0,train
2094,294,274,0,0,train
2095,294,274,0,0,train
2096,294,274,0,0,train
2097,295,275,0,0,train
2098,295,275,0,0,train
2099,295,275,0,0,train
2100,295,275,0,1,train
2101,295,275,0,1,train
2102,295,275,0,1,train
2103,295,275,0,1,train
2104,295,275,0,1,train
2105,296,276,15,0,test
2106,296,276,15,0,test
2107,296,276,15,0,test
2108,296,276,15,1,test
2109,296,276,15,0,test
2110,296,276,15,0,test
2111,296,276,15,1,test
2112,296,276,15,0,test
2113,296,276,15,0,test
2114,297,277,15,1,test
2115,297,277,15,1,test
2116,297,277,15,1,test
2117,297,277,15,1,test
2118,297,277,15,1,test
2119,297,277,15,1,test
2120,297,277,15,1,test
2121,297,277,15,1,test
2122,297,277,15,1,test
2123,297,277,15,1,test
2124,297,277,15,1,test
2125,297,277,15,1,test
2126,298,278,15,1,test
2127,298,278,15,1,test
2128,298,278,15,1,test
2129,298,278,15,1,test
2130,299,279,15,1,test
2131,299,279,15,1,test
2132,299,279,15,1,test
2133,299,279,15,1,test
2134,299,279,15,1,test
2135,299,279,15,1,test
2136,299,279,15,1,test
2137,299,279,15,1,test
2138,300,280,0,0,train
2139,300,280,0,0,train
2140,300,280,0,1,train
2141,300,280,0,0,train
2142,300,280,0,0,train
2143,300,280,0,0,train
2144,300,280,0,0,train
2145,300,280,0,0,train
2146,300,280,0,0,train
2147,300,280,0,0,train
2148,301,281,0,0,train
2149,301,281,0,0,train
2150,301,281,0,0,train
2151,301,281,0,0,train
2152,301,281,0,0,train
2153,301,281,0,0,train
2154,301,281,0,0,train
2155,301,281,0,0,train
2156,301,281,0,0,train
2157,301,281,0,0,train
2158,301,281,0,0,train
2159,301,281,0,0,train
2160,301,281,0,0,train
2161,301,281,0,0,train
2162,301,281,0,0,train
2163,302,282,0,0,train
2164,302,282,0,0,train
2165,302,282,0,1,train
2166,302,282,0,0,train
2167,303,283,0,0,train
2168,303,283,0,0,train
2169,303,283,0,0,train
2170,303,283,0,0,train
2171,303,283,0,0,train
2172,304,284,7,0,test
2173,304,284,7,0,test
2174,304,284,7,0,test
2175,304,284,7,0,test
2176,304,284,7,0,test
2177,304,284,7,0,test
2178,304,284,7,0,test
2179,304,284,7,0,test
2180,305,285,7,0,test
2181,305,285,7,0,test
2182,305,285,7,0,test
2183,305,285,7,0,test
2184,305,285,7,0,test
2185,305,285,7,0,test
2186,305,285,7,0,test
2187,305,285,7,0,test
2188,305,285,7,0,test
2189,305,285,7,0,test
2190,305,285,7,0,test
2191,305,285,7,0,test
2192,306,286,7,0,test
2193,306,286,7,0,test
2194,307,287,7,0,test
2195,307,287,7,0,test
2196,307,287,7,0,test
2197,307,287,7,0,test
2198,307,287,7,0,test
2199,308,116,0,1,train
2200,308,116,0,0,train
2201,309,288,0,0,train
2202,309,288,0,0,train
2203,309,288,0,0,train
2204,309,288,0,0,train
2205,309,288,0,0,train
2206,309,288,0,0,train
2207,309,288,0,0,train
2208,309,288,0,0,train
2209,309,288,0,0,train
2210,309,288,0,0,train
2211,309,288,0,0,train
2212,309,288,0,1,train
2213,310,289,0,1,train
2214,310,289,0,0,train
2215,310,289,0,0,train
2216,310,289,0,0,train
2217,311,290,0,0,train
2218,311,290,0,0,train
2219,311,290,0,0,train
2220,311,290,0,0,train
2221,311,290,0,0,train
2222,311,290,0,0,train
2223,311,290,0,1,train
2224,311,290,0,1,train
2225,311,290,0,1,train
2226,312,291,0,0,train
2227,312,291,0,0,train
2228,312,291,0,0,train
2229,312,291,0,0,train
2230,312,291,0,0,train
2231,312,291,0,0,train
2232,312,291,0,1,train
2233,312,291,0,0,train
2234,312,291,0,0,train
2235,312,291,0,0,train
2236,312,291,0,0,train
2237,313,292,0,0,train
2238,313,292,0,0,train
2239,313,292,0,0,train
2240,313,292,0,0,train
2241,313,292,0,1,train
2242,313,292,0,0,train
2243,313,292,0,0,train
2244,313,292,0,0,train
2245,313,292,0,0,train
2246,313,292,0,1,train
2247,313,292,0,0,train
2248,313,292,0,0,train
2249,313,292,0,0,train
2250,313,292,0,0,train
2251,314,293,0,0,train
2252,314,293,0,0,train
2253,314,293,0,0,train
2254,314,293,0,0,train
2255,315,294,0,1,train
2256,315,294,0,1,train
2257,315,294,0,1,train
2258,315,294,0,1,train
2259,315,294,0,1,train
2260,315,294,0,1,train
2261,315,294,0,1,train
2262,315,294,0,1,train
2263,315,294,0,1,train
2264,315,294,0,1,train
2265,315,294,0,1,train
2266,315,294,0,1,train
2267,316,295,0,1,train
2268,316,295,0,0,train
2269,317,296,0,0,train
2270,317,296,0,0,train
2271,317,296,0,0,train
2272,317,296,0,0,train
2273,317,296,0,0,train
2274,317,296,0,0,train
2275,317,296,0,0,train
2276,317,296,0,0,train
2277,317,296,0,0,train
2278,317,296,0,0,train
2279,317,296,0,0,train
2280,317,296,0,0,train
2281,317,296,0,0,train
2282,317,296,0,0,train
2283,317,296,0,0,train
2284,318,297,0,0,train
2285,318,297,0,0,train
2286,318,297,0,0,train
2287,318,297,0,0,train
2288,318,297,0,0,train
2289,319,298,0,0,train
2290,319,298,0,1,train
2291,319,298,0,1,train
2292,319,298,0,1,train
2293,319,298,0,0,train
2294,319,298,0,0,train
2295,319,298,0,0,train
2296,319,298,0,0,train
2297,320,116,0,0,train
2298,320,116,0,0,train
2299,321,299,0,0,train
2300,321,299,0,0,train
2301,321,299,0,0,train
2302,321,299,0,0,train
2303,321,299,0,0,train
2304,321,299,0,0,train
2305,321,299,0,0,train
2306,321,299,0,0,train
2307,321,299,0,0,train
2308,321,299,0,0,train
2309,321,299,0,0,train
2310,321,299,0,0,train
2311,322,300,0,0,train
2312,322,300,0,0,train
2313,323,301,0,0,train
2314,323,301,0,0,train
2315,323,301,0,0,train
2316,323,301,0,0,train
2317,323,301,0,0,train
2318,323,301,0,1,train
2319,323,301,0,1,train
2320,323,301,0,1,train
2321,323,301,0,0,train
2322,323,301,0,0,train
2323,323,301,0,0,train
2324,323,301,0,0,train
2325,324,302,17,0,test
2326,324,302,17,0,test
2327,324,302,17,0,test
2328,324,302,17,0,test
2329,324,302,17,0,test
2330,324,302,17,0,test
2331,324,302,17,0,test
2332,325,303,17,0,test
2333,325,303,17,0,test
2334,325,303,17,0,test
2335,325,303,17,0,test
2336,325,303,17,0,test
2337,325,303,17,0,test
2338,325,303,17,0,test
2339,325,303,17,0,test
2340,325,303,17,0,test
2341,325,303,17,0,test
2342,326,304,17,0,test
2343,326,304,17,0,test
2344,327,305,17,0,test
2345,327,305,17,0,test
2346,327,305,17,0,test
2347,327,305,17,0,test
2348,327,305,17,0,test
2349,327,305,17,0,test
2350,327,305,17,1,test
2351,327,305,17,0,test
2352,328,306,0,0,train
2353,328,306,0,0,train
2354,328,306,0,0,train
2355,328,306,0,0,train
2356,328,306,0,0,train
2357,328,306,0,0,train
2358,328,306,0,0,train
2359,328,306,0,0,train
2360,328,306,0,0,train
2361,328,306,0,0,train
2362,328,306,0,0,train
2363,328,306,0,0,train
2364,328,306,0,0,train
2365,328,306,0,0,train
2366,329,307,0,0,train
2367,329,307,0,0,train
2368,329,307,0,1,train
2369,329,307,0,0,train
2370,329,307,0,0,train
2371,329,307,0,0,train
2372,329,307,0,0,train
2373,329,307,0,0,train
2374,329,307,0,0,train
2375,329,307,0,0,train
2376,329,307,0,0,train
2377,329,307,0,0,train
2378,330,308,0,0,train
2379,330,308,0,0,train
2380,330,308,0,0,train
2381,331,309,0,1,train
2382,331,309,0,1,train
2383,331,309,0,1,train
2384,331,309,0,1,train
2385,331,309,0,1,train
2386,331,309,0,1,train
2387,331,309,0,1,train
2388,331,309,0,1,train
2389,331,309,0,1,train
2390,332,116,0,1,train
2391,332,116,0,0,train
2392,333,310,0,0,train
2393,333,310,0,0,train
2394,333,310,0,0,train
2395,333,310,0,0,train
2396,333,310,0,0,train
2397,333,310,0,0,train
2398,333,310,0,0,train
2399,333,310,0,0,train
2400,333,310,0,0,train
2401,334,311,0,1,train
2402,334,311,0,1,train
2403,335,312,0,0,train
2404,335,312,0,0,train
2405,335,312,0,0,train
2406,335,312,0,0,train
2407,335,312,0,1,train
2408,335,312,0,1,train
2409,335,312,0,1,train
2410,335,312,0,0,train
2411,335,312,0,1,train
2412,335,312,0,0,train
2413,335,312,0,0,train
2414,335,312,0,0,train
2415,336,4,0,1,train
2416,336,4,0,0,train
2417,337,313,0,0,train
2418,337,313,0,0,train
2419,337,313,0,0,train
2420,337,313,0,0,train
2421,337,313,0,0,train
2422,337,313,0,0,train
2423,337,313,0,0,train
2424,337,313,0,0,train
2425,337,313,0,0,train
2426,337,313,0,0,train
2427,337,313,0,0,train
2428,337,313,0,0,train
2429,337,313,0,0,train
2430,338,314,0,0,train
2431,338,314,0,0,train
2432,338,314,0,0,train
2433,339,315,0,0,train
2434,339,315,0,0,train
2435,339,315,0,0,train
2436,339,315,0,0,train
2437,339,315,0,0,train
2438,339,315,0,0,train
2439,339,315,0,0,train
2440,339,315,0,0,train
2441,339,315,0,0,train
2442,339,315,0,0,train
2443,340,316,0,0,train
2444,340,316,0,0,train
2445,340,316,0,0,train
2446,340,316,0,0,train
2447,340,316,0,0,train
2448,340,316,0,0,train
2449,340,316,0,0,train
2450,341,317,0,0,train
2451,341,317,0,0,train
2452,341,317,0,1,train
2453,341,317,0,0,train
2454,341,317,0,0,train
2455,341,317,0,0,train
2456,341,317,0,0,train
2457,341,317,0,0,train
2458,341,317,0,0,train
2459,341,317,0,0,train
2460,341,317,0,0,train
2461,342,318,0,0,train
2462,342,318,0,0,train
2463,342,318,0,0,train
2464,342,318,0,0,train
2465,343,319,0,0,train
2466,343,319,0,0,train
2467,343,319,0,0,train
2468,343,319,0,0,train
2469,343,319,0,0,train
2470,343,319,0,0,train
2471,343,319,0,0,train
2472,343,319,0,0,train
2473,343,319,0,0,train
2474,343,319,0,0,train
2475,343,319,0,0,train
2476,343,319,0,0,train
2477,343,319,0,0,train
2478,343,319,0,0,train
2479,343,319,0,0,train
2480,344,320,0,0,train
2481,344,320,0,0,train
2482,344,320,0,0,train
2483,344,320,0,0,train
2484,344,320,0,0,train
2485,344,320,0,0,train
2486,344,320,0,0,train
2487,344,320,0,0,train
2488,344,320,0,0,train
2489,344,320,0,0,train
2490,344,320,0,0,train
2491,344,320,0,0,train
2492,344,320,0,0,train
2493,344,320,0,0,train
2494,344,320,0,0,train
2495,344,320,0,0,train
2496,344,320,0,0,train
2497,344,320,0,0,train
2498,344,320,0,0,train
2499,344,320,0,0,train
2500,344,320,0,0,train
2501,344,320,0,0,train
2502,344,320,0,0,train
2503,345,321,0,0,train
2504,345,321,0,0,train
2505,345,321,0,0,train
2506,345,321,0,0,train
2507,345,321,0,0,train
2508,345,321,0,0,train
2509,345,321,0,0,train
2510,345,321,0,0,train
2511,345,321,0,0,train
2512,345,321,0,0,train
2513,345,321,0,0,train
2514,345,321,0,0,train
2515,345,321,0,0,train
2516,345,321,0,0,train
2517,345,321,0,0,train
2518,345,321,0,0,train
2519,345,321,0,0,train
2520,345,321,0,0,train
2521,345,321,0,0,train
2522,345,321,0,0,train
2523,345,321,0,0,train
2524,345,321,0,0,train
2525,346,322,0,0,train
2526,346,322,0,0,train
2527,347,323,0,1,train
2528,347,323,0,1,train
2529,347,323,0,1,train
2530,347,323,0,1,train
2531,348,324,11,0,val
2532,348,324,11,0,val
2533,348,324,11,0,val
2534,348,324,11,0,val
2535,348,324,11,0,val
2536,348,324,11,0,val
2537,348,324,11,0,val
2538,348,324,11,1,val
2539,348,324,11,0,val
2540,348,324,11,0,val
2541,349,325,11,0,val
2542,349,325,11,0,val
2543,349,325,11,0,val
2544,349,325,11,0,val
2545,349,325,11,0,val
2546,349,325,11,0,val
2547,349,325,11,0,val
2548,349,325,11,0,val
2549,349,325,11,0,val
2550,349,325,11,0,val
2551,349,325,11,0,val
2552,349,325,11,0,val
2553,350,326,11,0,val
2554,350,326,11,0,val
2555,350,326,11,0,val
2556,350,326,11,0,val
2557,351,327,11,0,val
2558,351,327,11,0,val
2559,351,327,11,1,val
2560,351,327,11,1,val
2561,351,327,11,1,val
2562,351,327,11,1,val
2563,351,327,11,1,val
2564,351,327,11,0,val
2565,352,328,9,0,val
2566,352,328,9,0,val
2567,352,328,9,0,val
2568,352,328,9,0,val
2569,352,328,9,0,val
2570,352,328,9,0,val
2571,352,328,9,0,val
2572,353,329,9,1,val
2573,353,329,9,0,val
2574,353,329,9,0,val
2575,353,329,9,0,val
2576,353,329,9,1,val
2577,353,329,9,1,val
2578,353,329,9,1,val
2579,353,329,9,0,val
2580,353,329,9,0,val
2581,353,329,9,0,val
2582,353,329,9,0,val
2583,353,329,9,0,val
2584,354,330,9,0,val
2585,354,330,9,0,val
2586,354,330,9,0,val
2587,355,331,9,0,val
2588,355,331,9,1,val
2589,355,331,9,1,val
2590,355,331,9,1,val
2591,355,331,9,1,val
2592,355,331,9,1,val
2593,355,331,9,0,val
2594,356,332,0,0,train
2595,356,332,0,0,train
2596,356,332,0,0,train
2597,356,332,0,0,train
2598,356,332,0,0,train
2599,356,332,0,0,train
2600,356,332,0,0,train
2601,356,332,0,0,train
2602,356,332,0,0,train
2603,357,333,0,1,train
2604,357,333,0,1,train
2605,357,333,0,1,train
2606,357,333,0,1,train
2607,357,333,0,1,train
2608,357,333,0,1,train
2609,357,333,0,1,train
2610,357,333,0,1,train
2611,357,333,0,1,train
2612,357,333,0,1,train
2613,357,333,0,1,train
2614,357,333,0,1,train
2615,357,333,0,1,train
2616,358,334,0,0,train
2617,358,334,0,0,train
2618,358,334,0,0,train
2619,359,335,0,0,train
2620,359,335,0,0,train
2621,359,335,0,0,train
2622,359,335,0,0,train
2623,359,335,0,0,train
2624,359,335,0,0,train
2625,359,335,0,0,train
2626,359,335,0,1,train
2627,359,335,0,1,train
2628,360,4,0,0,train
2629,360,4,0,0,train
2630,361,336,0,0,train
2631,361,336,0,0,train
2632,361,336,0,0,train
2633,361,336,0,0,train
2634,361,336,0,0,train
2635,361,336,0,0,train
2636,361,336,0,0,train
2637,361,336,0,0,train
2638,361,336,0,0,train
2639,361,336,0,0,train
2640,361,336,0,0,train
2641,361,336,0,0,train
2642,362,337,0,0,train
2643,362,337,0,0,train
2644,362,337,0,0,train
2645,363,338,0,0,train
2646,363,338,0,0,train
2647,363,338,0,0,train
2648,363,338,0,0,train
2649,363,338,0,0,train
2650,363,338,0,1,train
2651,363,338,0,0,train
2652,364,339,0,0,train
2653,364,339,0,0,train
2654,364,339,0,0,train
2655,364,339,0,0,train
2656,364,339,0,0,train
2657,364,339,0,0,train
2658,364,339,0,0,train
2659,364,339,0,0,train
2660,364,339,0,0,train
2661,364,339,0,0,train
2662,364,339,0,0,train
2663,364,339,0,0,train
2664,364,339,0,0,train
2665,364,339,0,0,train
2666,364,339,0,0,train
2667,364,339,0,0,train
2668,364,339,0,0,train
2669,364,339,0,0,train
2670,364,339,0,0,train
2671,365,340,0,0,train
2672,365,340,0,0,train
2673,365,340,0,0,train
2674,365,340,0,0,train
2675,365,340,0,0,train
2676,365,340,0,0,train
2677,365,340,0,0,train
2678,365,340,0,1,train
2679,365,340,0,1,train
2680,365,340,0,1,train
2681,366,341,0,0,train
2682,366,341,0,0,train
2683,366,341,0,0,train
2684,367,342,0,0,train
2685,367,342,0,0,train
2686,367,342,0,0,train
2687,367,342,0,1,train
2688,367,342,0,1,train
2689,367,342,0,1,train
2690,368,116,0,1,train
2691,368,116,0,0,train
2692,369,343,0,0,train
2693,369,343,0,0,train
2694,369,343,0,0,train
2695,369,343,0,0,train
2696,369,343,0,0,train
2697,369,343,0,0,train
2698,369,343,0,0,train
2699,369,343,0,0,train
2700,369,343,0,0,train
2701,369,343,0,0,train
2702,369,343,0,0,train
2703,369,343,0,0,train
2704,370,344,0,0,train
2705,370,344,0,0,train
2706,370,344,0,0,train
2707,370,344,0,0,train
2708,370,344,0,0,train
2709,371,345,0,0,train
2710,371,345,0,1,train
2711,371,345,0,1,train
2712,371,345,0,1,train
2713,372,116,0,1,train
2714,372,116,0,0,train
2715,373,346,0,0,train
2716,373,346,0,0,train
2717,373,346,0,0,train
2718,373,346,0,0,train
2719,373,346,0,0,train
2720,373,346,0,0,train
2721,373,346,0,0,train
2722,373,346,0,0,train
2723,373,346,0,0,train
2724,373,346,0,0,train
2725,373,346,0,0,train
2726,373,346,0,0,train
2727,374,347,0,0,train
2728,375,348,0,1,train
2729,375,348,0,1,train
2730,375,348,0,1,train
2731,375,348,0,1,train
2732,375,348,0,0,train
2733,376,349,0,0,train
2734,376,349,0,0,train
2735,376,349,0,0,train
2736,376,349,0,0,train
2737,376,349,0,0,train
2738,376,349,0,0,train
2739,376,349,0,0,train
2740,376,349,0,0,train
2741,376,349,0,0,train
2742,376,349,0,0,train
2743,377,350,0,0,train
2744,377,350,0,0,train
2745,377,350,0,0,train
2746,377,350,0,0,train
2747,377,350,0,1,train
2748,377,350,0,0,train
2749,377,350,0,0,train
2750,377,350,0,0,train
2751,377,350,0,0,train
2752,377,350,0,0,train
2753,377,350,0,0,train
2754,377,350,0,0,train
2755,377,350,0,0,train
2756,377,350,0,0,train
2757,377,350,0,0,train
2758,378,351,0,0,train
2759,378,351,0,0,train
2760,378,351,0,1,train
2761,379,352,0,1,train
2762,379,352,0,1,train
2763,379,352,0,0,train
2764,379,352,0,0,train
2765,379,352,0,0,train
2766,379,352,0,1,train
2767,380,353,23,0,test
2768,380,353,23,0,test
2769,380,353,23,0,test
2770,380,353,23,0,test
2771,380,353,23,0,test
2772,380,353,23,0,test
2773,380,353,23,0,test
2774,381,354,23,0,test
2775,381,354,23,0,test
2776,381,354,23,0,test
2777,381,354,23,0,test
2778,381,354,23,0,test
2779,381,354,23,0,test
2780,381,354,23,1,test
2781,381,354,23,1,test
2782,381,354,23,1,test
2783,382,355,23,1,test
2784,382,355,23,0,test
2785,382,355,23,0,test
2786,383,356,23,0,test
2787,383,356,23,0,test
2788,383,356,23,0,test
2789,383,356,23,0,test
2790,383,356,23,0,test
2791,383,356,23,1,test
2792,383,356,23,0,test
2793,383,356,23,0,test
2794,383,356,23,1,test
2795,384,357,4,1,val
2796,384,357,4,1,val
2797,384,357,4,1,val
2798,384,357,4,1,val
2799,384,357,4,1,val
2800,384,357,4,1,val
2801,385,358,4,1,val
2802,385,358,4,0,val
2803,385,358,4,0,val
2804,385,358,4,0,val
2805,385,358,4,0,val
2806,385,358,4,0,val
2807,385,358,4,0,val
2808,385,358,4,0,val
2809,385,358,4,0,val
2810,386,359,4,0,val
2811,386,359,4,1,val
2812,387,360,4,0,val
2813,387,360,4,0,val
2814,387,360,4,0,val
2815,387,360,4,0,val
2816,387,360,4,0,val
2817,387,360,4,0,val
2818,387,360,4,0,val
2819,387,360,4,0,val
2820,388,361,30,0,test
2821,388,361,30,0,test
2822,388,361,30,0,test
2823,388,361,30,1,test
2824,388,361,30,0,test
2825,388,361,30,0,test
2826,388,361,30,0,test
2827,388,361,30,0,test
2828,388,361,30,0,test
2829,388,361,30,0,test
2830,388,361,30,0,test
2831,389,362,30,0,test
2832,389,362,30,0,test
2833,389,362,30,0,test
2834,389,362,30,0,test
2835,389,362,30,0,test
2836,389,362,30,0,test
2837,389,362,30,0,test
2838,389,362,30,0,test
2839,389,362,30,0,test
2840,389,362,30,0,test
2841,389,362,30,0,test
2842,389,362,30,0,test
2843,389,362,30,0,test
2844,390,363,30,0,test
2845,390,363,30,0,test
2846,391,364,30,1,test
2847,391,364,30,0,test
2848,391,364,30,0,test
2849,391,364,30,0,test
2850,391,364,30,0,test
2851,391,364,30,0,test
2852,391,364,30,0,test
2853,391,364,30,0,test
2854,391,364,30,0,test
2855,391,364,30,0,test
2856,391,364,30,0,test
2857,391,364,30,0,test
2858,391,364,30,0,test
2859,391,364,30,0,test
2860,391,364,30,0,test
2861,391,364,30,0,test
2862,392,365,14,0,val
2863,392,365,14,0,val
2864,392,365,14,0,val
2865,392,365,14,0,val
2866,392,365,14,0,val
2867,392,365,14,0,val
2868,393,366,14,0,val
2869,393,366,14,0,val
2870,393,366,14,0,val
2871,393,366,14,0,val
2872,393,366,14,0,val
2873,393,366,14,0,val
2874,393,366,14,0,val
2875,393,366,14,0,val
2876,393,366,14,0,val
2877,393,366,14,0,val
2878,393,366,14,0,val
2879,394,367,14,0,val
2880,394,367,14,0,val
2881,394,367,14,0,val
2882,394,367,14,0,val
2883,395,368,14,1,val
2884,395,368,14,1,val
2885,395,368,14,1,val
2886,395,368,14,1,val
2887,396,4,0,1,train
2888,396,4,0,0,train
2889,397,369,0,0,train
2890,397,369,0,0,train
2891,397,369,0,1,train
2892,397,369,0,1,train
2893,397,369,0,1,train
2894,397,369,0,0,train
2895,397,369,0,0,train
2896,397,369,0,0,train
2897,397,369,0,0,train
2898,397,369,0,0,train
2899,398,370,0,0,train
2900,398,370,0,0,train
2901,398,370,0,0,train
2902,399,371,0,0,train
2903,399,371,0,1,train
2904,399,371,0,1,train
2905,399,371,0,0,train
2906,399,371,0,0,train
