experiment,representation,classifier,class_weight,max_df,seed,best_c,accuracy,precision,recall,f1,f0.5,f2,macro_f1,roc_auc,pr_auc,prevalence,pr_auc_lift,threshold,positive_prediction_rate
class_prior_majority,none,class_prior,none,,42,,0.837471783295711,0.0,0.0,0.0,0.0,0.0,0.4557739557739558,0.5,0.16252821670428894,0.16252821670428894,1.0,0.5,0.0
word_unigram,word_unigram,lr,none,0.95,42,1.0,0.708803611738149,0.24324324324324326,0.375,0.29508196721311475,0.2616279069767442,0.3383458646616541,0.555791339225334,0.6248128182090447,0.26330477512747547,0.16252821670428894,1.620055769187106,0.2,0.2505643340857788
word_unigram,word_unigram,lr,none,0.95,43,1.0,0.708803611738149,0.24324324324324326,0.375,0.29508196721311475,0.2616279069767442,0.3383458646616541,0.555791339225334,0.6248128182090447,0.26330477512747547,0.16252821670428894,1.620055769187106,0.2,0.2505643340857788
word_unigram,word_unigram,lr,none,0.95,44,1.0,0.708803611738149,0.24324324324324326,0.375,0.29508196721311475,0.2616279069767442,0.3383458646616541,0.555791339225334,0.6248128182090447,0.26330477512747547,0.16252821670428894,1.620055769187106,0.2,0.2505643340857788
word_bigram,word_bigram,lr,none,0.95,42,1.0,0.7336343115124153,0.2653061224489796,0.3611111111111111,0.3058823529411765,0.2801724137931034,0.33678756476683935,0.5705389418337168,0.6328616352201257,0.2670855815842866,0.16252821670428894,1.643318231136652,0.2,0.22121896162528218
word_bigram,word_bigram,lr,none,0.95,43,1.0,0.7336343115124153,0.2653061224489796,0.3611111111111111,0.3058823529411765,0.2801724137931034,0.33678756476683935,0.5705389418337168,0.6328616352201257,0.2670855815842866,0.16252821670428894,1.643318231136652,0.2,0.22121896162528218
word_bigram,word_bigram,lr,none,0.95,44,1.0,0.7336343115124153,0.2653061224489796,0.3611111111111111,0.3058823529411765,0.2801724137931034,0.33678756476683935,0.5705389418337168,0.6328616352201257,0.2670855815842866,0.16252821670428894,1.643318231136652,0.2,0.22121896162528218
word_bigram_no_frequency_filter,word_bigram,lr,none,1.0,42,1.0,0.7336343115124153,0.2653061224489796,0.3611111111111111,0.3058823529411765,0.2801724137931034,0.33678756476683935,0.5705389418337168,0.6328616352201257,0.2670855815842866,0.16252821670428894,1.643318231136652,0.2,0.22121896162528218
word_bigram_no_frequency_filter,word_bigram,lr,none,1.0,43,1.0,0.7336343115124153,0.2653061224489796,0.3611111111111111,0.3058823529411765,0.2801724137931034,0.33678756476683935,0.5705389418337168,0.6328616352201257,0.2670855815842866,0.16252821670428894,1.643318231136652,0.2,0.22121896162528218
word_bigram_no_frequency_filter,word_bigram,lr,none,1.0,44,1.0,0.7336343115124153,0.2653061224489796,0.3611111111111111,0.3058823529411765,0.2801724137931034,0.33678756476683935,0.5705389418337168,0.6328616352201257,0.2670855815842866,0.16252821670428894,1.643318231136652,0.2,0.22121896162528218
word_bigram_high_frequency_filter,word_bigram,lr,none,0.8,42,1.0,0.7336343115124153,0.2653061224489796,0.3611111111111111,0.3058823529411765,0.2801724137931034,0.33678756476683935,0.5705389418337168,0.6328616352201257,0.2670855815842866,0.16252821670428894,1.643318231136652,0.2,0.22121896162528218
word_bigram_high_frequency_filter,word_bigram,lr,none,0.8,43,1.0,0.7336343115124153,0.2653061224489796,0.3611111111111111,0.3058823529411765,0.2801724137931034,0.33678756476683935,0.5705389418337168,0.6328616352201257,0.2670855815842866,0.16252821670428894,1.643318231136652,0.2,0.22121896162528218
word_bigram_high_frequency_filter,word_bigram,lr,none,0.8,44,1.0,0.7336343115124153,0.2653061224489796,0.3611111111111111,0.3058823529411765,0.2801724137931034,0.33678756476683935,0.5705389418337168,0.6328616352201257,0.2670855815842866,0.16252821670428894,1.643318231136652,0.2,0.22121896162528218
char,char,lr,none,0.95,42,1.0,0.7223476297968398,0.2702702702702703,0.4166666666666667,0.32786885245901637,0.29069767441860467,0.37593984962406013,0.5764522071683418,0.6485100329439953,0.30375686580716843,0.16252821670428894,1.8689484937857725,0.2,0.2505643340857788
char,char,lr,none,0.95,43,1.0,0.7223476297968398,0.2702702702702703,0.4166666666666667,0.32786885245901637,0.29069767441860467,0.37593984962406013,0.5764522071683418,0.6485100329439953,0.30375686580716843,0.16252821670428894,1.8689484937857725,0.2,0.2505643340857788
char,char,lr,none,0.95,44,1.0,0.7223476297968398,0.2702702702702703,0.4166666666666667,0.32786885245901637,0.29069767441860467,0.37593984962406013,0.5764522071683418,0.6485100329439953,0.30375686580716843,0.16252821670428894,1.8689484937857725,0.2,0.2505643340857788
word_char,word_char,lr,none,0.95,42,0.1,0.345372460496614,0.18313953488372092,0.875,0.30288461538461536,0.2175414364640884,0.49841772151898733,0.3429316693944353,0.6360811620245583,0.2653217082304177,0.16252821670428894,1.6324655103621533,0.15,0.7765237020316027
word_char,word_char,lr,none,0.95,43,0.1,0.345372460496614,0.18313953488372092,0.875,0.30288461538461536,0.2175414364640884,0.49841772151898733,0.3429316693944353,0.6360811620245583,0.2653217082304177,0.16252821670428894,1.6324655103621533,0.15,0.7765237020316027
word_char,word_char,lr,none,0.95,44,0.1,0.345372460496614,0.18313953488372092,0.875,0.30288461538461536,0.2175414364640884,0.49841772151898733,0.3429316693944353,0.6360811620245583,0.2653217082304177,0.16252821670428894,1.6324655103621533,0.15,0.7765237020316027
word_unigram_svm,word_unigram,svm,none,0.95,42,0.1,0.5778781038374717,0.21674876847290642,0.6111111111111112,0.32,0.248868778280543,0.4480651731160896,0.5069721767594108,0.6229410002994908,0.26460364020411553,0.16252821670428894,1.6280473973669887,0.15,0.4582392776523702
word_unigram_svm,word_unigram,svm,none,0.95,43,0.1,0.5778781038374717,0.21674876847290642,0.6111111111111112,0.32,0.248868778280543,0.4480651731160896,0.5069721767594108,0.6229410002994908,0.26460364020411553,0.16252821670428894,1.6280473973669887,0.15,0.4582392776523702
word_unigram_svm,word_unigram,svm,none,0.95,44,0.1,0.5778781038374717,0.21674876847290642,0.6111111111111112,0.32,0.248868778280543,0.4480651731160896,0.5069721767594108,0.6229410002994908,0.26460364020411553,0.16252821670428894,1.6280473973669887,0.15,0.4582392776523702
word_bigram_svm,word_bigram,svm,none,0.95,42,10.0,0.7155756207674944,0.2711864406779661,0.4444444444444444,0.3368421052631579,0.29411764705882354,0.39408866995073893,0.5779038112522686,0.6179619646600779,0.260057553136669,0.16252821670428894,1.6000763338825608,0.2,0.26636568848758463
word_bigram_svm,word_bigram,svm,none,0.95,43,10.0,0.7155756207674944,0.2711864406779661,0.4444444444444444,0.3368421052631579,0.29411764705882354,0.39408866995073893,0.5779038112522686,0.6179619646600779,0.260057553136669,0.16252821670428894,1.6000763338825608,0.2,0.26636568848758463
word_bigram_svm,word_bigram,svm,none,0.95,44,10.0,0.7155756207674944,0.2711864406779661,0.4444444444444444,0.3368421052631579,0.29411764705882354,0.39408866995073893,0.5779038112522686,0.6179619646600779,0.260057553136669,0.16252821670428894,1.6000763338825608,0.2,0.26636568848758463
word_bigram_balanced,word_bigram,lr,balanced,0.95,42,0.1,0.7336343115124153,0.2553191489361702,0.3333333333333333,0.2891566265060241,0.26785714285714285,0.31413612565445026,0.5626338688085676,0.6215932914046123,0.24538262817292436,0.16252821670428894,1.5097847816750762,0.5,0.21218961625282168
word_bigram_balanced,word_bigram,lr,balanced,0.95,43,0.1,0.7336343115124153,0.2553191489361702,0.3333333333333333,0.2891566265060241,0.26785714285714285,0.31413612565445026,0.5626338688085676,0.6215932914046123,0.24538262817292436,0.16252821670428894,1.5097847816750762,0.5,0.21218961625282168
word_bigram_balanced,word_bigram,lr,balanced,0.95,44,0.1,0.7336343115124153,0.2553191489361702,0.3333333333333333,0.2891566265060241,0.26785714285714285,0.31413612565445026,0.5626338688085676,0.6215932914046123,0.24538262817292436,0.16252821670428894,1.5097847816750762,0.5,0.21218961625282168
word_char_svm_balanced,word_char,svm,balanced,0.95,42,0.01,0.7471783295711061,0.2872340425531915,0.375,0.3253012048192771,0.3013392857142857,0.35340314136125656,0.5848728246318607,0.6366052710392333,0.2727186204042047,0.16252821670428894,1.6779770672092038,0.2,0.21218961625282168
word_char_svm_balanced,word_char,svm,balanced,0.95,43,0.01,0.7471783295711061,0.2872340425531915,0.375,0.3253012048192771,0.3013392857142857,0.35340314136125656,0.5848728246318607,0.6366052710392333,0.2727186204042047,0.16252821670428894,1.6779770672092038,0.2,0.21218961625282168
word_char_svm_balanced,word_char,svm,balanced,0.95,44,0.01,0.7471783295711061,0.2872340425531915,0.375,0.3253012048192771,0.3013392857142857,0.35340314136125656,0.5848728246318607,0.6366052710392333,0.2727186204042047,0.16252821670428894,1.6779770672092038,0.2,0.21218961625282168
