response_id,source_row_index,annotator_id,task,target_column,copy,method,score,matched_indices
4,622,52,toxicity,toxicity_copy,the entire message,unmatched,0.3333333333333333,[]
10,53,67,toxicity,toxicity_copy,See my comments at the top - very extreme and exaggerated attempts at empathic reflection. Misattunement. Extreme recommendation of a crisis hotline suggests that this person cannot cope - and we have no evidence of that. There is nothing empowering here at all. And I don't know if the designated contact person is even a real thing.,unmatched,0.3181818181818182,[]
11,58,67,toxicity,toxicity_copy,I don't think it's toxic,unmatched,0.4,[]
23,117,44,toxicity,toxicity_copy,Lots of assumed reasoning for feeling this way instead of empathy and advisement to seek counseling.,unmatched,0.3350253807106599,[]
44,229,87,toxicity,toxicity_copy,middle two paragraphs,unmatched,0.2435897435897435,[]
46,239,87,toxicity,toxicity_copy,the whole paragraph,unmatched,0.3333333333333333,[]
55,283,67,toxicity,toxicity_copy,"As far as I know this doesn't seem ""toxic"" but it's just really generic",unmatched,0.3004694835680751,[]
58,298,67,toxicity,toxicity_copy,"see above, i cannot stand this",unmatched,0.3376623376623376,[]
58,299,72,toxicity,toxicity_copy,"The whole response conveys a tone of arrogance. If this was a friend responding to a friend, without knowing that the friend had training in child mental health or child development, it could be considered toxic.",unmatched,0.2985915492957746,[]
107,559,96,toxicity,toxicity_copy,A person might think their eating disorder is caused,unmatched,0.4444444444444444,[]
112,583,66,toxicity,toxicity_copy,All of it after the first half of the first sentence.,unmatched,0.3404255319148936,[]
116,881,21,toxicity,toxicity_copy,The whole thing is bad.,unmatched,0.2,[]
118,614,46,toxicity,toxicity_copy,To describe the husband as unsupportive may be an inaccurate reflection of the relationship as a whole.,unmatched,0.2683982683982684,[]
130,677,53,toxicity,toxicity_copy,I think most of it is toxic.,unmatched,0.5714285714285714,[]
152,787,67,toxicity,toxicity_copy,"Analyzing the partner - I don't love that. He could be abusive, manipulative etc - but I don't think it's our place to focus on diagnosing him",unmatched,0.4489795918367347,[]
153,792,67,toxicity,toxicity_copy,"Not toxic per se, but generic, amateur, limited, no empathic reflections, a potential misattunement to what the person said (when did the boyfriend threaten to leave?)",unmatched,0.1836065573770491,[]
164,856,39,toxicity,toxicity_copy,""" same manner, correct?"" ; Be upfront with them ; However, make sure they are aware that",unmatched,0.6428571428571429,[]
169,891,21,toxicity,toxicity_copy,The lack of empathy expressed and the brevity of the response are the toxic parts.,unmatched,0.3404255319148936,[]
197,1048,66,toxicity,toxicity_copy,Most of it.,unmatched,0.6666666666666666,[]
199,1058,66,toxicity,toxicity_copy,The whole thing.,unmatched,0.3333333333333333,[]
203,1077,68,toxicity,toxicity_copy,The overall tone just lacks empathy and reassurance,unmatched,0.2910798122065727,[]
205,1087,60,toxicity,toxicity_copy,n/.a,unmatched,0.0,[]
214,1136,9,toxicity,toxicity_copy,The response as a whole is a wild assumption,unmatched,0.375,[]
222,1183,74,toxicity,toxicity_copy,no response is toxic,unmatched,0.2686567164179104,[]
232,1237,49,toxicity,toxicity_copy,General theme of response,unmatched,0.3125,[]
244,1304,91,toxicity,toxicity_copy,"""Absoultely nothing to be embarassed about"" can be invalidating",unmatched,0.625,[]
246,1314,91,toxicity,toxicity_copy,"""Don't worry about feeling embarassed"" could be perceived as invalidating",unmatched,0.4,[]
259,1387,43,toxicity,toxicity_copy,Normal/healthy segmet,unmatched,0.6666666666666666,[]
298,1596,28,toxicity,toxicity_copy,n.a,unmatched,0.0,[]
300,1613,82,toxicity,toxicity_copy,"I'm not sure why you're using the phrase ""toxic."" Do you mean unhelpful or possibly harmful?",unmatched,0.2007434944237918,[]
304,1634,82,toxicity,toxicity_copy,"Not toxic, but not particularly empathetic",unmatched,0.125,[]
312,1676,39,toxicity,toxicity_copy,that you and most women think; please be aware ; I assure you that ; considering that dwelling ; NOW ; you certainly don't want to lose this due to,unmatched,0.5714285714285714,[]
322,1734,77,toxicity,toxicity_copy,Hits the main bullet points of being a counselor as defined by licensing bodies,unmatched,0.2976744186046511,[]
334,1790,21,toxicity,toxicity_copy,The part that is toxic is the lack of empathy expressed.,unmatched,0.3235294117647059,[]
350,1887,67,toxicity,toxicity_copy,"the part about ""dwelling on the past"" - it is judgmental and assumes the person is CHOOSING to dwell - it could be intrusive thinking not just wallowing! otherwise, i really like this",unmatched,0.3924731182795699,[]
352,1897,67,toxicity,toxicity_copy,"VERY GENERIC, trite, not based on ANYTHING specific to this person's experience, AND assuming the person SHOULD be moving on - that is a huge judgment, assumption, and imposition of values",unmatched,0.6666666666666666,[]
362,1946,63,toxicity,toxicity_copy,same as above,unmatched,0.3333333333333333,[]
364,1956,63,toxicity,toxicity_copy,almost all of it,unmatched,0.5,[]
364,1958,86,toxicity,toxicity_copy,All the quotes I've listed above and more.,unmatched,0.4285714285714285,[]
365,1961,67,toxicity,toxicity_copy,I do not like the part about showing empathy and understanding - it sounds nice and lovely but it might not be crucial depending on the situation. why insist that they should do this? we know nothing!,unmatched,0.3223880597014925,[]
365,1962,87,toxicity,toxicity_copy,"""you should""",unmatched,0.5,[]
366,1966,67,toxicity,toxicity_copy,see my comments above,unmatched,0.3106796116504854,[]
367,1971,67,toxicity,toxicity_copy,"I don't know what you even mean by toxic honestly. I just think it's overly simplified, generic, etc.",unmatched,0.3396226415094339,[]
368,1976,67,toxicity,toxicity_copy,"See my comments above. The entire thing could actually cause harm. It is WAY TOO DIRECTIVE - ""tell your mom."" ""you are helping our mom see..."" ""there is no good reason"" - all of these are terrible responses - way too directive, tons of assumptions, complete lack of nuance, yikes.",unmatched,0.4,[]
