experiment,representation,classifier,class_weight,seed,best_c,accuracy,precision,recall,f1,f0.5,f2,macro_f1,roc_auc,pr_auc,prevalence,pr_auc_lift,threshold,positive_prediction_rate
word_unigram_lr_unweighted,word_unigram,lr,none,42,0.1,0.6190476190476191,0.4017857142857143,0.7758620689655172,0.5294117647058824,0.44466403162055335,0.6540697674418605,0.6047058823529412,0.7349705081669692,0.5048457582876046,0.2761904761904762,1.8278898144896027,0.2,0.5333333333333333
word_unigram_lr_unweighted,word_unigram,lr,none,43,0.1,0.6190476190476191,0.4017857142857143,0.7758620689655172,0.5294117647058824,0.44466403162055335,0.6540697674418605,0.6047058823529412,0.7349705081669692,0.5048457582876046,0.2761904761904762,1.8278898144896027,0.2,0.5333333333333333
word_unigram_lr_unweighted,word_unigram,lr,none,44,0.1,0.6190476190476191,0.4017857142857143,0.7758620689655172,0.5294117647058824,0.44466403162055335,0.6540697674418605,0.6047058823529412,0.7349705081669692,0.5048457582876046,0.2761904761904762,1.8278898144896027,0.2,0.5333333333333333
word_unigram_lr_unweighted,word_unigram,lr,none,45,0.1,0.6190476190476191,0.4017857142857143,0.7758620689655172,0.5294117647058824,0.44466403162055335,0.6540697674418605,0.6047058823529412,0.7349705081669692,0.5048457582876046,0.2761904761904762,1.8278898144896027,0.2,0.5333333333333333
word_unigram_lr_unweighted,word_unigram,lr,none,46,0.1,0.6190476190476191,0.4017857142857143,0.7758620689655172,0.5294117647058824,0.44466403162055335,0.6540697674418605,0.6047058823529412,0.7349705081669692,0.5048457582876046,0.2761904761904762,1.8278898144896027,0.2,0.5333333333333333
word_bigram_lr_unweighted,word_bigram,lr,none,42,1.0,0.5095238095238095,0.34797297297297297,0.8879310344827587,0.5,0.39615384615384613,0.6776315789473685,0.5093457943925234,0.7385435571687841,0.5152898572118294,0.2761904761904762,1.8657046554221408,0.15,0.7047619047619048
word_bigram_lr_unweighted,word_bigram,lr,none,43,1.0,0.5095238095238095,0.34797297297297297,0.8879310344827587,0.5,0.39615384615384613,0.6776315789473685,0.5093457943925234,0.7385435571687841,0.5152898572118294,0.2761904761904762,1.8657046554221408,0.15,0.7047619047619048
word_bigram_lr_unweighted,word_bigram,lr,none,44,1.0,0.5095238095238095,0.34797297297297297,0.8879310344827587,0.5,0.39615384615384613,0.6776315789473685,0.5093457943925234,0.7385435571687841,0.5152898572118294,0.2761904761904762,1.8657046554221408,0.15,0.7047619047619048
word_bigram_lr_unweighted,word_bigram,lr,none,45,1.0,0.5095238095238095,0.34797297297297297,0.8879310344827587,0.5,0.39615384615384613,0.6776315789473685,0.5093457943925234,0.7385435571687841,0.5152898572118294,0.2761904761904762,1.8657046554221408,0.15,0.7047619047619048
word_bigram_lr_unweighted,word_bigram,lr,none,46,1.0,0.5095238095238095,0.34797297297297297,0.8879310344827587,0.5,0.39615384615384613,0.6776315789473685,0.5093457943925234,0.7385435571687841,0.5152898572118294,0.2761904761904762,1.8657046554221408,0.15,0.7047619047619048
char_lr_unweighted,char,lr,none,42,0.1,0.6166666666666667,0.4034334763948498,0.8103448275862069,0.5386819484240688,0.4484732824427481,0.6743185078909613,0.6053898540491016,0.7329854809437386,0.49250450364556264,0.2761904761904762,1.7832059614753129,0.2,0.5547619047619048
char_lr_unweighted,char,lr,none,43,0.1,0.6166666666666667,0.4034334763948498,0.8103448275862069,0.5386819484240688,0.4484732824427481,0.6743185078909613,0.6053898540491016,0.7329854809437386,0.49250450364556264,0.2761904761904762,1.7832059614753129,0.2,0.5547619047619048
char_lr_unweighted,char,lr,none,44,0.1,0.6166666666666667,0.4034334763948498,0.8103448275862069,0.5386819484240688,0.4484732824427481,0.6743185078909613,0.6053898540491016,0.7329854809437386,0.49250450364556264,0.2761904761904762,1.7832059614753129,0.2,0.5547619047619048
char_lr_unweighted,char,lr,none,45,0.1,0.6166666666666667,0.4034334763948498,0.8103448275862069,0.5386819484240688,0.4484732824427481,0.6743185078909613,0.6053898540491016,0.7329854809437386,0.49250450364556264,0.2761904761904762,1.7832059614753129,0.2,0.5547619047619048
char_lr_unweighted,char,lr,none,46,0.1,0.6166666666666667,0.4034334763948498,0.8103448275862069,0.5386819484240688,0.4484732824427481,0.6743185078909613,0.6053898540491016,0.7329854809437386,0.49250450364556264,0.2761904761904762,1.7832059614753129,0.2,0.5547619047619048
word_char_lr_unweighted,word_char,lr,none,42,0.1,0.6190476190476191,0.4026548672566372,0.7844827586206896,0.5321637426900585,0.44607843137254904,0.6594202898550725,0.6054393010639048,0.7424001814882033,0.5087237403700013,0.2761904761904762,1.8419307840982806,0.2,0.5380952380952381
word_char_lr_unweighted,word_char,lr,none,43,0.1,0.6190476190476191,0.4026548672566372,0.7844827586206896,0.5321637426900585,0.44607843137254904,0.6594202898550725,0.6054393010639048,0.7424001814882033,0.5087237403700013,0.2761904761904762,1.8419307840982806,0.2,0.5380952380952381
word_char_lr_unweighted,word_char,lr,none,44,0.1,0.6190476190476191,0.4026548672566372,0.7844827586206896,0.5321637426900585,0.44607843137254904,0.6594202898550725,0.6054393010639048,0.7424001814882033,0.5087237403700013,0.2761904761904762,1.8419307840982806,0.2,0.5380952380952381
word_char_lr_unweighted,word_char,lr,none,45,0.1,0.6190476190476191,0.4026548672566372,0.7844827586206896,0.5321637426900585,0.44607843137254904,0.6594202898550725,0.6054393010639048,0.7424001814882033,0.5087237403700013,0.2761904761904762,1.8419307840982806,0.2,0.5380952380952381
word_char_lr_unweighted,word_char,lr,none,46,0.1,0.6190476190476191,0.4026548672566372,0.7844827586206896,0.5321637426900585,0.44607843137254904,0.6594202898550725,0.6054393010639048,0.7424001814882033,0.5087237403700013,0.2761904761904762,1.8419307840982806,0.2,0.5380952380952381
word_unigram_svm_unweighted,word_unigram,svm,none,42,0.01,0.5333333333333333,0.35714285714285715,0.8620689655172413,0.5050505050505051,0.4045307443365696,0.6720430107526881,0.5318045318045318,0.7346018602540835,0.49952524093126627,0.2761904761904762,1.8086258723373432,0.15,0.6666666666666666
word_unigram_svm_unweighted,word_unigram,svm,none,43,0.01,0.5333333333333333,0.35714285714285715,0.8620689655172413,0.5050505050505051,0.4045307443365696,0.6720430107526881,0.5318045318045318,0.7346018602540835,0.49952524093126627,0.2761904761904762,1.8086258723373432,0.15,0.6666666666666666
word_unigram_svm_unweighted,word_unigram,svm,none,44,0.01,0.5333333333333333,0.35714285714285715,0.8620689655172413,0.5050505050505051,0.4045307443365696,0.6720430107526881,0.5318045318045318,0.7346018602540835,0.49952524093126627,0.2761904761904762,1.8086258723373432,0.15,0.6666666666666666
word_unigram_svm_unweighted,word_unigram,svm,none,45,0.01,0.5333333333333333,0.35714285714285715,0.8620689655172413,0.5050505050505051,0.4045307443365696,0.6720430107526881,0.5318045318045318,0.7346018602540835,0.49952524093126627,0.2761904761904762,1.8086258723373432,0.15,0.6666666666666666
word_unigram_svm_unweighted,word_unigram,svm,none,46,0.01,0.5333333333333333,0.35714285714285715,0.8620689655172413,0.5050505050505051,0.4045307443365696,0.6720430107526881,0.5318045318045318,0.7346018602540835,0.49952524093126627,0.2761904761904762,1.8086258723373432,0.15,0.6666666666666666
word_bigram_svm_unweighted,word_bigram,svm,none,42,0.01,0.5476190476190477,0.36496350364963503,0.8620689655172413,0.5128205128205128,0.41254125412541254,0.6775067750677507,0.5452991452991452,0.7421449637023593,0.5097973205213182,0.2761904761904762,1.845817884646152,0.15,0.6523809523809524
word_bigram_svm_unweighted,word_bigram,svm,none,43,0.01,0.5476190476190477,0.36496350364963503,0.8620689655172413,0.5128205128205128,0.41254125412541254,0.6775067750677507,0.5452991452991452,0.7421449637023593,0.5097973205213182,0.2761904761904762,1.845817884646152,0.15,0.6523809523809524
word_bigram_svm_unweighted,word_bigram,svm,none,44,0.01,0.5476190476190477,0.36496350364963503,0.8620689655172413,0.5128205128205128,0.41254125412541254,0.6775067750677507,0.5452991452991452,0.7421449637023593,0.5097973205213182,0.2761904761904762,1.845817884646152,0.15,0.6523809523809524
word_bigram_svm_unweighted,word_bigram,svm,none,45,0.01,0.5476190476190477,0.36496350364963503,0.8620689655172413,0.5128205128205128,0.41254125412541254,0.6775067750677507,0.5452991452991452,0.7421449637023593,0.5097973205213182,0.2761904761904762,1.845817884646152,0.15,0.6523809523809524
word_bigram_svm_unweighted,word_bigram,svm,none,46,0.01,0.5476190476190477,0.36496350364963503,0.8620689655172413,0.5128205128205128,0.41254125412541254,0.6775067750677507,0.5452991452991452,0.7421449637023593,0.5097973205213182,0.2761904761904762,1.845817884646152,0.15,0.6523809523809524
word_bigram_lr_balanced,word_bigram,lr,balanced,42,0.1,0.3976190476190476,0.31232876712328766,0.9827586206896551,0.47401247401247404,0.3616751269035533,0.6875753920386007,0.3846385489839529,0.742513611615245,0.5203061045141673,0.2761904761904762,1.883866930137502,0.45,0.8690476190476191
word_bigram_lr_balanced,word_bigram,lr,balanced,43,0.1,0.3976190476190476,0.31232876712328766,0.9827586206896551,0.47401247401247404,0.3616751269035533,0.6875753920386007,0.3846385489839529,0.742513611615245,0.5203061045141673,0.2761904761904762,1.883866930137502,0.45,0.8690476190476191
word_bigram_lr_balanced,word_bigram,lr,balanced,44,0.1,0.3976190476190476,0.31232876712328766,0.9827586206896551,0.47401247401247404,0.3616751269035533,0.6875753920386007,0.3846385489839529,0.742513611615245,0.5203061045141673,0.2761904761904762,1.883866930137502,0.45,0.8690476190476191
word_bigram_lr_balanced,word_bigram,lr,balanced,45,0.1,0.3976190476190476,0.31232876712328766,0.9827586206896551,0.47401247401247404,0.3616751269035533,0.6875753920386007,0.3846385489839529,0.742513611615245,0.5203061045141673,0.2761904761904762,1.883866930137502,0.45,0.8690476190476191
word_bigram_lr_balanced,word_bigram,lr,balanced,46,0.1,0.3976190476190476,0.31232876712328766,0.9827586206896551,0.47401247401247404,0.3616751269035533,0.6875753920386007,0.3846385489839529,0.742513611615245,0.5203061045141673,0.2761904761904762,1.883866930137502,0.45,0.8690476190476191
word_char_svm_balanced,word_char,svm,balanced,42,0.01,0.55,0.36917562724014336,0.8879310344827587,0.5215189873417722,0.4180194805194805,0.693135935397039,0.5483999431090884,0.7410957350272231,0.5153693850062046,0.2761904761904762,1.8659926008845336,0.15,0.6642857142857143
word_char_svm_balanced,word_char,svm,balanced,43,0.01,0.55,0.36917562724014336,0.8879310344827587,0.5215189873417722,0.4180194805194805,0.693135935397039,0.5483999431090884,0.7410957350272231,0.5153693850062046,0.2761904761904762,1.8659926008845336,0.15,0.6642857142857143
word_char_svm_balanced,word_char,svm,balanced,44,0.01,0.55,0.36917562724014336,0.8879310344827587,0.5215189873417722,0.4180194805194805,0.693135935397039,0.5483999431090884,0.7410957350272231,0.5153693850062046,0.2761904761904762,1.8659926008845336,0.15,0.6642857142857143
word_char_svm_balanced,word_char,svm,balanced,45,0.01,0.55,0.36917562724014336,0.8879310344827587,0.5215189873417722,0.4180194805194805,0.693135935397039,0.5483999431090884,0.7410957350272231,0.5153693850062046,0.2761904761904762,1.8659926008845336,0.15,0.6642857142857143
word_char_svm_balanced,word_char,svm,balanced,46,0.01,0.55,0.36917562724014336,0.8879310344827587,0.5215189873417722,0.4180194805194805,0.693135935397039,0.5483999431090884,0.7410957350272231,0.5153693850062046,0.2761904761904762,1.8659926008845336,0.15,0.6642857142857143
